Player,Team,Age,G,GS,CG,SHO,IP,H,ER,K,BB,HR,W,L,SV,BS,HLD,ERA,WHIP
Lance Lynn,TEX,34,13,13,1,0,84.0,64,31,89,25,13,6,3,0,0,0,3.32,1.06
German Marquez,COL,27,13,13,0,0,81.2,78,34,73,25,6,4,6,0,0,0,3.75,1.26
Kyle Hendricks,CHC,32,12,12,1,1,81.1,73,26,64,8,10,6,5,0,0,0,2.88,1.00
Shane Bieber,CLE,26,12,12,0,0,77.1,46,14,122,21,7,8,1,0,0,0,1.63,0.87
Yu Darvish,CHC,35,12,12,0,0,76.0,59,17,93,14,5,8,3,0,0,0,2.01,0.96
Aaron Civale,CLE,26,12,12,1,0,74.0,82,39,69,16,11,4,6,0,0,0,4.74,1.32
Brandon Woodruff,MIL,29,13,13,1,0,73.2,55,25,91,18,9,3,5,0,0,0,3.05,0.99
Antonio Senzatela,COL,27,12,12,1,0,73.1,71,28,41,18,9,5,3,0,0,0,3.44,1.21
Gerrit Cole,NYY,31,12,12,2,1,73.0,53,23,94,17,14,7,3,0,0,0,2.84,0.96
Trevor Bauer,CIN,31,11,11,2,2,73.0,41,14,100,17,9,5,4,0,0,0,1.73,0.79
Lucas Giolito,CWS,27,12,12,1,1,72.1,47,28,97,28,8,4,3,0,0,0,3.48,1.04
Zac Gallen,ARI,26,12,12,0,0,72.0,55,22,82,25,9,3,2,0,0,0,2.75,1.11
Aaron Nola,PHI,28,12,12,2,1,71.1,54,26,96,23,9,5,5,0,0,0,3.28,1.08
Zack Wheeler,PHI,31,11,11,0,0,71.0,67,23,53,16,3,4,2,0,0,0,2.92,1.17
Kyle Freeland,COL,28,13,13,0,0,70.2,77,34,46,23,9,2,3,0,0,0,4.33,1.42
Framber Valdez,HOU,28,11,10,0,0,70.2,63,28,76,16,5,5,3,0,0,0,3.57,1.12
Luis Castillo,CIN,29,12,12,1,0,70.0,62,25,89,24,5,4,6,0,0,0,3.21,1.23
Marco Gonzales,SEA,30,11,11,1,0,69.2,59,24,64,7,8,7,2,0,0,0,3.10,0.95
Zach Davies,SD,29,12,12,0,0,69.1,55,21,63,19,9,7,4,0,0,0,2.73,1.07
Dinelson Lamet,SD,29,12,12,0,0,69.0,39,16,93,20,5,3,1,0,0,0,2.09,0.86
Carlos Carrasco,CLE,34,12,12,0,0,68.0,55,22,82,27,8,3,4,0,0,0,2.91,1.21
Jacob deGrom,NYM,33,12,12,0,0,68.0,47,18,104,18,7,4,2,0,0,0,2.38,0.96
Max Scherzer,WAS,37,12,12,1,0,67.1,70,28,92,23,10,5,4,0,0,0,3.74,1.38
Kyle Gibson,TEX,34,12,12,1,1,67.1,73,40,58,30,12,2,6,0,0,0,5.35,1.53
Hyun Jin Ryu,TOR,34,12,12,0,0,67.0,60,20,72,17,6,5,2,0,0,0,2.69,1.15
Zack Greinke,HOU,38,12,12,0,0,67.0,67,30,67,9,6,3,3,0,0,0,4.03,1.13
Andrew Heaney,LAA,30,12,12,0,0,66.2,63,33,70,19,9,4,3,0,0,0,4.46,1.23
Kenta Maeda,MIN,33,11,11,0,0,66.2,40,20,80,10,9,6,1,0,0,0,2.70,0.75
Dylan Bundy,LAA,29,11,11,1,0,65.2,51,24,72,17,5,6,3,0,0,0,3.29,1.04
Adam Wainwright,STL,40,10,10,2,0,65.2,54,23,54,15,9,5,3,0,0,0,3.15,1.05
Patrick Corbin,WAS,32,11,11,0,0,65.2,85,34,60,18,10,2,7,0,0,0,4.66,1.57
Brady Singer,KC,25,12,12,0,0,64.1,52,29,61,23,8,4,5,0,0,0,4.06,1.17
Johnny Cueto,SF,36,12,12,0,0,63.1,61,38,56,26,9,2,3,0,0,0,5.40,1.37
Dallas Keuchel,CWS,34,11,11,0,0,63.1,52,14,42,17,2,6,2,0,0,0,1.99,1.09
Jose Berrios,MIN,27,12,12,0,0,63.0,57,28,68,26,8,5,4,0,0,0,4.00,1.32
Chris Bassitt,OAK,33,11,11,0,0,63.0,56,16,55,17,6,5,2,0,0,0,2.29,1.16
Alec Mills,CHC,30,11,11,1,1,62.1,53,31,46,19,13,5,5,0,0,0,4.48,1.16
Martin Perez,BOS,30,12,12,0,0,62.0,55,31,46,28,8,3,5,0,0,0,4.50,1.34
Jon Lester,CHC,38,12,12,0,0,61.0,64,35,42,17,11,3,3,0,0,0,5.16,1.33
Matthew Boyd,DET,31,12,12,1,0,60.1,67,45,60,22,15,3,7,0,0,0,6.71,1.48
Corbin Burnes,MIL,27,12,9,0,0,59.2,37,14,88,24,2,4,1,0,0,0,2.11,1.02
Kevin Gausman,SF,31,12,10,0,0,59.2,50,24,79,16,8,3,3,0,0,0,3.62,1.11
Tyler Anderson,SF,32,13,11,1,0,59.2,58,29,41,25,5,4,3,0,0,0,4.37,1.39
Zach Eflin,PHI,27,11,10,1,1,59.0,60,26,70,15,8,4,2,0,0,0,3.97,1.27
Rick Porcello,NYM,33,12,12,0,0,59.0,74,37,54,15,5,1,7,0,0,0,5.64,1.51
Mike Fiers,OAK,36,11,11,0,0,59.0,65,30,37,16,9,6,3,0,0,0,4.58,1.37
Jesus Luzardo,OAK,24,12,9,0,0,59.0,58,27,59,17,9,3,2,0,0,0,4.12,1.27
Chris Paddack,SD,26,12,12,0,0,59.0,60,31,58,12,14,4,5,0,0,0,4.73,1.22
Dylan Cease,CWS,26,12,12,0,0,58.1,50,26,44,34,12,5,4,0,0,0,4.01,1.44
Clayton Kershaw,LAD,33,10,10,0,0,58.1,41,14,62,8,8,6,2,0,0,0,2.16,0.84
Jordan Lyles,TEX,31,12,9,0,0,57.2,67,45,36,23,12,1,6,0,0,0,7.02,1.56
Tyler Glasnow,TB,28,11,11,0,0,57.1,43,26,91,22,11,5,1,0,0,0,4.08,1.13
Pablo Lopez,MIA,25,11,11,0,0,57.1,50,23,59,18,4,6,4,0,0,0,3.61,1.19
Spencer Turnbull,DET,29,11,11,0,0,56.2,47,25,51,29,2,4,4,0,0,0,3.97,1.34
Griffin Canning,LAA,25,11,11,0,0,56.1,54,25,56,23,8,2,3,0,0,0,3.99,1.37
Danny Duffy,KC,33,12,11,0,0,56.1,53,31,57,22,10,4,4,0,0,1,4.95,1.33
Adrian Houser,MIL,29,12,11,0,0,56.0,63,33,44,21,8,1,6,0,0,0,5.30,1.50
Sonny Gray,CIN,32,11,11,0,0,56.0,42,23,72,26,4,5,3,0,0,0,3.70,1.21
Max Fried,ATL,28,11,11,0,0,56.0,42,14,50,19,2,7,0,0,0,0,2.25,1.09
Dustin May,LAD,24,12,10,0,0,56.0,45,16,44,16,9,3,1,0,0,0,2.57,1.09
Ryan Yarbrough,TB,30,11,9,0,0,55.2,54,22,44,12,5,1,4,0,0,0,3.56,1.19
Justus Sheffield,SEA,25,10,10,0,0,55.1,52,22,48,20,2,4,3,0,0,0,3.58,1.30
Trevor Williams,PIT,29,11,11,0,0,55.1,66,38,49,21,15,2,8,0,0,0,6.18,1.57
Zach Plesac,CLE,27,8,8,0,0,55.1,38,14,57,6,8,4,2,0,0,0,2.28,0.80
Lance McCullers,HOU,28,11,11,0,0,55.0,44,24,56,20,5,3,3,0,0,0,3.93,1.16
Julio Urias,LAD,25,11,10,0,0,55.0,45,20,45,18,5,3,0,0,0,0,3.27,1.15
Brad Keller,KC,26,9,9,1,1,54.2,39,15,35,17,2,5,3,0,0,0,2.47,1.02
Cristian Javier,HOU,24,12,10,0,0,54.1,36,21,54,18,11,5,2,0,0,0,3.48,0.99
Logan Webb,SF,25,13,11,0,0,54.1,61,33,46,24,4,3,4,0,0,0,5.47,1.56
Sean Manaea,OAK,30,11,11,0,0,54.0,57,27,45,8,7,4,3,0,0,0,4.50,1.20
Frankie Montas,OAK,28,11,11,0,0,53.0,57,33,60,23,10,3,5,0,0,0,5.60,1.51
Anibal Sanchez,WAS,38,11,11,0,0,53.0,70,39,43,18,11,4,5,0,0,0,6.62,1.66
Alex Cobb,BAL,34,10,10,0,0,52.1,52,25,38,18,8,2,5,0,0,0,4.30,1.34
Luke Weaver,ARI,28,12,12,0,0,52.0,63,38,55,18,10,1,9,0,0,0,6.58,1.56
Garrett Richards,SD,33,14,10,0,0,51.1,47,23,46,17,7,2,2,0,0,1,4.03,1.25
Erick Fedde,WAS,29,11,8,0,0,50.1,47,24,28,22,10,2,4,0,0,0,4.29,1.37
Blake Snell,TB,29,11,11,0,0,50.0,42,18,63,18,10,4,2,0,0,0,3.24,1.20
Kris Bubic,KC,24,10,10,0,0,50.0,52,24,49,22,8,1,6,0,0,0,4.32,1.48
Austin Voth,WAS,29,11,11,1,0,49.2,57,35,44,18,14,2,5,0,0,0,6.34,1.51
David Peterson,NYM,26,10,9,0,0,49.2,36,19,40,24,5,6,2,0,0,0,3.44,1.21
J.A. Happ,NYY,39,9,9,0,0,49.1,37,19,42,15,8,2,2,0,0,0,3.47,1.05
Nathan Eovaldi,BOS,32,9,9,0,0,48.1,51,20,52,7,8,4,2,0,0,0,3.72,1.20
Masahiro Tanaka,NYY,33,10,10,0,0,48.0,48,19,44,8,9,3,3,0,0,0,3.56,1.17
Tanner Roark,TOR,35,11,11,0,0,47.2,60,36,41,23,14,2,3,0,0,0,6.80,1.74
Tyler Mahle,CIN,27,10,9,0,0,47.2,34,19,60,21,6,2,2,0,0,0,3.59,1.15
JT Brubaker,PIT,28,11,9,0,0,47.1,48,26,48,17,6,1,3,0,0,1,4.94,1.37
Yusei Kikuchi,SEA,30,9,9,0,0,47.0,41,27,47,20,3,2,4,0,0,0,5.17,1.30
Brett Anderson,MIL,34,10,10,0,0,47.0,50,22,32,10,6,4,4,0,0,0,4.21,1.28
Randy Dobnak,MIN,27,10,10,0,0,46.2,50,21,27,13,3,6,4,0,0,0,4.05,1.35
Tony Gonsolin,LAD,27,9,8,0,0,46.2,32,12,46,7,2,2,2,0,0,0,2.31,0.84
Chad Kuhl,PIT,29,11,9,0,0,46.1,35,22,44,28,8,2,3,0,0,0,4.27,1.36
Alex Young,ARI,28,15,7,0,0,46.1,51,28,39,14,11,2,4,0,0,1,5.44,1.40
Justin Dunn,SEA,26,10,10,0,0,45.2,31,22,38,31,10,4,1,0,0,0,4.34,1.36
Josh Lindblom,MIL,34,12,10,0,0,45.1,42,26,52,16,6,2,4,0,0,0,5.16,1.28
Jake Arrieta,PHI,35,9,9,0,0,44.1,51,25,32,16,6,4,4,0,0,0,5.08,1.51
Jordan Montgomery,NYY,29,10,10,0,0,44.0,48,25,47,9,7,2,3,0,0,0,5.11,1.30
John Means,BAL,28,10,10,0,0,43.2,36,22,42,7,12,2,4,0,0,0,4.53,0.98
Ryan Castellani,COL,25,10,9,0,0,43.1,37,28,25,26,12,1,4,0,0,0,5.82,1.45
Taylor Clarke,ARI,28,12,5,0,0,43.1,35,21,40,21,8,3,0,0,0,0,4.36,1.29
Ryan Weber,BOS,31,17,5,0,0,43.0,44,21,27,14,8,1,3,0,0,5,4.40,1.35
Steven Brault,PIT,29,11,10,1,0,42.2,29,16,38,22,2,1,3,0,0,0,3.38,1.20
Sandy Alcantara,MIA,26,7,7,0,0,42.0,35,14,39,15,4,3,2,0,0,0,3.00,1.19
Madison Bumgarner,ARI,32,9,9,0,0,41.2,47,30,30,13,13,1,4,0,0,0,6.48,1.44
Nick Margevicius,SEA,25,10,7,0,0,41.1,38,21,36,14,6,2,3,0,1,0,4.57,1.26
Derek Holland,PIT,35,12,5,0,0,40.2,42,31,45,15,12,1,3,0,1,0,6.86,1.40
Jack Flaherty,STL,26,9,9,0,0,40.1,33,22,49,16,6,4,3,0,0,0,4.91,1.21
Josh Tomlin,ATL,37,17,5,0,0,39.2,40,21,36,8,6,2,2,0,0,1,4.76,1.21
Joe Musgrove,PIT,29,8,8,0,0,39.2,33,17,55,16,5,1,5,0,0,0,3.86,1.24
Jon Gray,COL,30,8,8,0,0,39.0,45,29,22,11,6,2,4,0,0,0,6.69,1.44
Kwang Hyun Kim,STL,33,8,7,0,0,39.0,28,7,24,12,3,3,0,1,0,0,1.62,1.03
Dakota Hudson,STL,27,8,8,0,0,39.0,24,12,31,15,5,3,2,0,0,0,2.77,1.00
Sixto Sanchez,MIA,23,7,7,1,0,39.0,36,15,33,11,3,3,2,0,0,0,3.46,1.21
Rich Hill,MIN,41,8,8,0,0,38.2,28,13,31,17,3,2,2,0,0,0,3.03,1.16
Jorge Lopez,BAL,29,9,6,0,0,38.1,43,27,28,12,7,2,2,0,0,0,6.34,1.43
Charlie Morton,TB,38,9,9,0,0,38.0,43,20,42,10,4,2,2,0,0,0,4.74,1.39
Kyle Wright,ATL,26,8,8,0,0,38.0,35,22,30,24,7,2,4,0,0,0,5.21,1.55
Asher Wojciechowski,BAL,33,10,7,0,0,37.0,45,28,31,15,11,1,3,0,0,0,6.81,1.62
Seth Lugo,NYM,32,16,7,0,0,36.2,40,21,47,10,8,3,4,3,2,0,5.15,1.36
Walker Buehler,LAD,27,8,8,0,0,36.2,24,14,42,11,7,1,0,0,0,0,3.44,0.95
Patrick Sandoval,LAA,25,9,6,0,0,36.2,37,23,33,12,10,1,5,0,0,0,5.65,1.34
Tyler Alexander,DET,27,14,2,0,0,36.1,39,16,34,9,8,2,3,0,0,0,3.96,1.32
Mike Minor,TEX,34,7,7,0,0,35.1,35,22,35,13,7,0,5,0,0,0,5.60,1.36
Tejay Antone,CIN,28,13,4,0,0,35.1,20,11,45,16,4,0,3,0,1,1,2.80,1.02
Thomas Eshelman,BAL,27,12,4,0,0,34.2,34,15,16,9,7,3,1,0,1,0,3.89,1.24
Deivi Garcia,NYY,22,6,6,0,0,34.1,35,19,33,6,6,3,2,0,0,0,4.98,1.19
Dane Dunning,CWS,27,7,7,0,0,34.0,25,15,35,13,4,2,0,0,0,0,3.97,1.12
Vince Velasquez,PHI,29,9,7,0,0,34.0,36,21,46,17,5,1,1,0,0,0,5.56,1.56
Michael Wacha,NYM,30,8,7,0,0,34.0,46,25,37,7,9,1,4,0,0,0,6.62,1.56
Chase Anderson,TOR,34,10,7,0,0,33.2,45,27,38,10,11,1,2,0,0,0,7.22,1.63
Ross Stripling,LAD,32,7,7,0,0,33.2,38,21,27,11,12,3,1,0,0,0,5.61,1.46
Anthony DeSclafani,CIN,31,9,7,0,0,33.2,41,27,25,16,7,1,2,0,0,0,7.22,1.69
Michael Lorenzen,CIN,30,18,2,0,0,33.2,30,16,35,17,3,3,1,0,1,2,4.28,1.40
Kolby Allard,TEX,24,11,8,0,0,33.2,31,29,32,20,4,0,6,0,0,0,7.75,1.51
Triston McKenzie,CLE,24,8,6,0,0,33.1,21,12,42,9,6,2,1,0,0,0,3.24,0.90
Daniel Ponce de Leon,STL,30,9,8,0,0,32.2,23,18,45,20,8,1,3,0,0,0,4.96,1.32
Jaime Barria,LAA,25,7,5,0,0,32.1,27,13,27,9,3,1,0,0,0,0,3.62,1.11
Ian Anderson,ATL,23,6,6,0,0,32.1,21,7,41,14,1,3,2,0,0,0,1.95,1.08
Josh Fleming,TB,25,7,5,0,0,32.1,28,10,25,7,5,5,0,0,0,0,2.78,1.08
Trevor Richards,TB,28,9,4,0,0,32.0,44,21,27,11,6,0,0,0,0,0,5.91,1.72
Tarik Skubal,DET,25,8,7,0,0,32.0,28,20,37,11,9,1,4,0,0,0,5.63,1.22
Brandon Bielak,HOU,25,12,6,0,0,32.0,39,24,26,17,9,3,3,0,0,0,6.75,1.75
Matt Andriese,LAA,32,16,1,0,0,32.0,21,16,33,11,5,2,4,2,1,3,4.50,1.00
Gio Gonzalez,CWS,36,12,4,0,0,31.2,40,17,34,19,6,1,2,0,0,0,4.83,1.86
Brent Suter,MIL,32,16,4,0,0,31.2,30,11,38,5,4,2,0,0,0,2,3.13,1.11
Julio Teheran,LAA,31,10,9,0,0,31.1,39,35,20,16,12,0,4,0,0,0,10.05,1.76
Merrill Kelly,ARI,33,5,5,0,0,31.1,26,9,29,5,5,3,2,0,0,0,2.59,0.99
Robbie Ray,ARI,30,7,7,0,0,31.0,31,27,43,31,9,1,4,0,0,0,7.84,2.00
Jonathan Hernandez,TEX,25,27,0,0,0,31.0,24,10,31,8,2,5,1,0,0,5,2.90,1.03
Steven Matz,NYM,30,9,6,0,0,30.2,42,33,36,10,14,0,5,0,0,0,9.68,1.70
Phillips Valdez,BOS,30,24,0,0,0,30.1,33,11,30,16,3,1,1,0,1,4,3.26,1.62
Chris Mazza,BOS,32,9,6,0,0,30.0,34,16,29,15,3,1,2,0,0,0,4.80,1.63
Scott Barlow,KC,29,32,0,0,0,30.0,27,14,39,9,4,2,1,2,0,7,4.20,1.20
Chris Stratton,PIT,31,27,0,0,0,30.0,26,13,39,13,3,2,1,0,2,5,3.90,1.30
Mike Mayers,LAA,30,29,0,0,0,30.0,18,7,43,9,2,2,0,2,2,5,2.10,0.90
Jose Cisnero,DET,32,29,0,0,0,29.2,23,10,34,10,1,3,3,0,2,6,3.03,1.11
Daniel Castano,MIA,27,7,6,0,0,29.2,30,10,12,11,3,1,2,0,0,0,3.03,1.38
Jose Urquidy,HOU,26,5,5,0,0,29.2,22,9,17,8,4,1,1,0,0,0,2.73,1.01
Tommy Milone,BAL,35,6,6,0,0,29.1,33,13,31,4,5,1,4,0,0,0,3.99,1.26
Freddy Peralta,MIL,25,15,1,0,0,29.1,22,13,47,12,2,3,1,0,1,3,3.99,1.16
Austin Gomber,STL,28,14,4,0,0,29.0,19,6,27,15,1,1,1,0,0,1,1.86,1.17
Tyler Matzek,ATL,31,21,0,0,0,29.0,23,9,43,10,1,4,3,0,2,1,2.79,1.14
Matt Shoemaker,TOR,35,6,6,0,0,28.2,22,15,26,9,8,0,1,0,0,0,4.71,1.08
Zack Godley,BOS,31,8,7,0,0,28.2,42,26,28,14,9,0,4,0,0,0,8.16,1.95
Matt Foster,CWS,27,23,2,0,0,28.2,16,7,31,9,2,6,1,0,1,2,2.20,0.87
Casey Mize,DET,24,7,7,0,0,28.1,29,22,26,13,7,0,3,0,0,0,6.99,1.48
Greg Holland,KC,36,28,0,0,0,28.1,20,6,31,7,1,3,0,6,0,2,1.91,0.95
Trevor Rogers,MIA,24,7,7,0,0,28.0,32,19,39,13,5,1,2,0,0,0,6.11,1.61
Tyler Rogers,SF,31,29,0,0,0,28.0,31,14,27,6,2,3,3,3,3,10,4.50,1.32
Yency Almonte,COL,27,24,0,0,0,27.2,25,9,23,6,2,3,0,1,2,4,2.93,1.12
Adam Plutko,CLE,30,10,4,0,0,27.2,30,15,15,7,5,2,2,1,0,0,4.88,1.34
Michael Fulmer,DET,28,10,10,0,0,27.2,45,27,20,12,8,0,2,0,0,0,8.78,2.06
Daniel Norris,DET,28,14,1,0,0,27.2,25,10,28,7,2,3,1,0,0,0,3.25,1.16
Shane Greene,ATL,33,28,0,0,0,27.2,22,8,21,9,2,1,0,0,0,9,2.60,1.12
Grant Dayton,ATL,34,18,0,0,0,27.1,22,7,32,11,4,2,1,0,0,0,2.30,1.21
Wandy Peralta,SF,30,25,0,0,0,27.1,22,10,25,11,3,1,1,0,1,1,3.29,1.21
Devin Williams,MIL,27,22,0,0,0,27.0,8,1,53,9,1,4,1,0,0,9,0.33,0.63
Taijuan Walker,SEA,29,5,5,0,0,27.0,21,12,25,8,5,2,2,0,0,0,4.00,1.07
James Karinchak,CLE,26,27,0,0,0,27.0,14,8,53,16,1,1,2,1,3,8,2.67,1.11
Michael King,NYY,26,9,4,0,0,26.2,30,23,26,11,5,1,2,0,0,0,7.76,1.54
Pete Fairbanks,TB,28,27,2,0,0,26.2,23,8,39,14,2,6,3,0,2,7,2.70,1.39
Michael Pineda,MIN,33,5,5,0,0,26.2,25,10,25,7,0,2,0,0,0,0,3.38,1.20
Jeurys Familia,NYM,32,25,0,0,0,26.2,20,11,23,19,2,2,0,0,1,5,3.71,1.46
Felix Pena,LAA,32,25,0,0,0,26.2,27,12,29,8,2,3,0,2,3,4,4.05,1.31
Jimmy Cordero,CWS,30,30,0,0,0,26.2,33,18,22,9,2,1,2,0,1,8,6.08,1.58
Thomas Hatch,TOR,27,17,1,0,0,26.1,18,8,23,13,2,3,1,0,0,4,2.73,1.18
Josh A. Smith,MIA,34,16,1,0,0,26.1,33,20,18,11,3,1,1,1,0,1,6.84,1.67
Reynaldo Lopez,CWS,28,8,8,0,0,26.1,28,19,24,15,9,1,3,0,0,0,6.49,1.63
Taijuan Walker,TOR,29,6,6,0,0,26.1,22,4,25,11,3,2,1,0,0,0,1.37,1.25
Luke Jackson,ATL,30,19,0,0,0,26.1,39,20,20,13,2,2,0,0,0,1,6.84,1.97
Drew Smyly,SF,32,7,5,0,0,26.1,20,10,42,9,2,0,1,0,0,0,3.42,1.10
Ty Buttrey,LAA,28,27,0,0,0,26.1,28,17,18,9,4,2,3,5,4,2,5.81,1.41
Ryan Thompson,TB,29,25,1,0,0,26.1,29,13,23,8,4,1,2,1,0,4,4.44,1.41
Tyler Clippard,MIN,37,26,2,0,0,26.0,19,8,26,4,2,2,1,0,2,8,2.77,0.88
Stefan Crichton,ARI,30,26,0,0,0,26.0,22,7,23,9,1,2,2,5,2,2,2.42,1.19
Aaron Slegers,TB,29,11,1,0,0,26.0,18,10,19,5,1,0,0,2,0,2,3.46,0.88
Keegan Akin,BAL,26,8,6,0,0,25.2,27,13,35,10,3,1,2,0,0,0,4.56,1.44
Travis Lakins,BAL,27,22,0,0,0,25.2,25,8,25,13,2,3,2,1,0,1,2.81,1.48
Chad Green,NYY,30,22,0,0,0,25.2,13,10,32,8,5,3,3,1,2,6,3.51,0.82
Josh Staumont,KC,28,26,0,0,0,25.2,20,7,37,16,2,2,1,0,0,8,2.45,1.40
Anthony Bass,TOR,34,26,0,0,0,25.2,17,10,21,9,2,2,3,7,2,3,3.51,1.01
Lucas Sims,CIN,27,20,0,0,0,25.2,13,7,34,11,3,3,0,0,2,5,2.45,0.94
Edwin Diaz,NYM,27,26,0,0,0,25.2,18,5,50,14,2,2,1,6,3,2,1.75,1.25
Shun Yamaguchi,TOR,34,17,0,0,0,25.2,28,23,26,17,6,2,4,0,1,1,8.06,1.75
Blake Treinen,LAD,33,27,0,0,0,25.2,23,11,22,8,1,3,3,1,1,9,3.86,1.21
Colten Brewer,BOS,29,11,4,0,0,25.2,31,16,25,14,6,0,3,0,0,0,5.61,1.75
Elieser Hernandez,MIA,26,6,6,0,0,25.2,21,9,34,5,5,1,0,0,0,0,3.16,1.01
Matt Wisler,MIN,29,18,4,0,0,25.1,15,3,35,14,2,0,1,1,1,3,1.07,1.14
Liam Hendriks,OAK,33,24,0,0,0,25.1,14,5,37,3,1,3,1,14,1,0,1.78,0.67
Jakob Junis,KC,29,8,6,0,0,25.1,35,18,19,6,7,0,2,0,0,1,6.39,1.62
John Curtiss,TB,28,17,3,0,0,25.0,21,5,25,3,3,3,0,2,0,0,1.80,0.96
Chasen Shreve,NYM,31,17,0,0,0,25.0,17,11,34,12,4,1,0,0,0,1,3.96,1.16
J.B. Wendelken,OAK,28,21,0,0,0,25.0,17,5,31,11,2,1,1,0,0,2,1.80,1.12
Trevor Cahill,SF,34,11,6,0,0,25.0,16,9,31,14,3,1,2,0,0,1,3.24,1.20
Ryan Brasier,BOS,34,25,1,0,0,25.0,24,11,30,11,2,1,0,0,2,11,3.96,1.40
Aaron Loup,TB,34,24,0,0,0,25.0,17,7,22,4,3,3,2,0,1,4,2.52,0.84
Tommy Hunter,PHI,35,24,0,0,0,24.2,22,11,25,6,2,0,1,1,2,8,4.01,1.14
Daniel Bard,COL,36,23,0,0,0,24.2,22,10,27,10,2,4,2,6,0,2,3.65,1.30
Johan Oviedo,STL,24,5,5,0,0,24.2,24,15,16,10,3,0,3,0,0,0,5.47,1.38
Kyle Finnegan,WAS,30,25,0,0,0,24.2,21,8,27,13,2,1,0,0,1,4,2.92,1.38
Spencer Howard,PHI,25,6,6,0,0,24.1,30,16,23,10,6,1,2,0,0,0,5.92,1.64
Brandon Kintzler,MIA,37,24,0,0,0,24.1,21,6,14,11,3,2,3,12,2,1,2.22,1.32
Kenley Jansen,LAD,34,27,0,0,0,24.1,19,9,33,9,2,3,1,11,2,0,3.33,1.15
Touki Toussaint,ATL,25,7,5,0,0,24.1,27,24,30,16,7,0,2,0,0,0,8.88,1.77
Dylan Floro,LAD,31,25,0,0,0,24.1,23,7,19,4,1,3,0,0,0,4,2.59,1.11
Jorge Alcala,MIN,26,16,0,0,0,24.0,21,7,27,8,3,2,1,0,1,0,2.63,1.21
Tyler Duffey,MIN,31,22,0,0,0,24.0,13,5,31,6,2,1,1,0,2,12,1.88,0.79
Carlos Estevez,COL,29,26,0,0,0,24.0,33,20,27,9,6,1,3,1,3,6,7.50,1.75
Rafael Dolis,TOR,34,24,0,0,0,24.0,16,4,31,14,1,2,2,5,1,7,1.50,1.25
Craig Stammen,SD,37,24,0,0,0,24.0,27,15,20,4,2,4,2,0,1,5,5.63,1.29
Junior Guerra,ARI,37,25,0,0,0,23.2,17,8,21,15,1,1,2,0,2,4,3.04,1.35
Nick Wittgren,CLE,30,25,0,0,0,23.2,18,9,28,6,4,2,0,0,1,10,3.42,1.01
Ryne Harper,WAS,32,23,0,0,0,23.2,29,20,25,9,5,1,0,0,0,1,7.61,1.61
Wander Suero,WAS,30,22,0,0,0,23.2,20,10,28,10,1,2,0,0,0,6,3.80,1.27
Tyler Kinley,COL,31,24,0,0,0,23.2,13,14,26,12,2,0,2,0,0,4,5.32,1.06
Andre Scrubb,HOU,27,20,0,0,0,23.2,15,5,24,20,1,1,0,1,0,2,1.90,1.48
Codi Heuer,CWS,25,21,0,0,0,23.2,12,4,25,9,1,3,0,1,0,6,1.52,0.89
Eric Yardley,MIL,31,24,0,0,0,23.1,19,4,19,10,2,2,0,0,2,1,1.54,1.24
Lou Trivino,OAK,30,20,0,0,0,23.1,16,10,26,10,3,0,0,0,1,0,3.86,1.11
Brusdar Graterol,LAD,23,23,2,0,0,23.1,18,8,13,3,1,1,2,0,1,5,3.09,0.90
Richard Rodriguez,PIT,31,24,0,0,0,23.1,15,7,34,5,3,3,2,4,1,2,2.70,0.86
Jose Urena,MIA,30,5,5,0,0,23.1,22,14,15,13,4,0,3,0,0,0,5.40,1.50
Trevor May,MIN,32,24,0,0,0,23.1,20,10,38,7,5,1,0,2,0,8,3.86,1.16
Robbie Erlin,ATL,31,7,5,0,0,23.1,28,22,21,6,8,0,0,0,0,0,8.49,1.46
Jeremy Jeffress,CHC,34,22,0,0,0,23.1,10,4,17,12,1,4,1,8,2,3,1.54,0.94
A.J. Cole,TOR,30,24,0,0,0,23.1,19,8,20,9,3,3,0,1,3,3,3.09,1.20
Matt Barnes,BOS,31,24,0,0,0,23.0,18,11,31,14,4,1,3,9,4,4,4.30,1.39
Kyle Zimmer,KC,30,16,1,0,0,23.0,14,4,26,10,0,1,0,0,0,0,1.57,1.04
Raisel Iglesias,CIN,32,22,0,0,0,23.0,16,7,31,5,1,4,3,8,2,2,2.74,0.91
Jonathan Loaisiga,NYY,27,12,3,0,0,23.0,21,9,22,7,3,3,0,0,2,2,3.52,1.22
Gregory Soto,DET,27,27,0,0,0,23.0,16,11,29,13,2,0,1,2,1,4,4.30,1.26
Cole Sulser,BAL,31,19,0,0,0,22.2,17,14,19,17,2,1,5,5,3,1,5.56,1.50
Joe Jimenez,DET,27,25,0,0,0,22.2,25,18,22,6,7,1,3,5,1,4,7.15,1.37
Kyle Cody,TEX,27,8,5,0,0,22.2,15,4,18,13,1,1,1,0,0,0,1.59,1.24
Mike Clevinger,CLE,31,4,4,0,0,22.2,20,8,21,11,5,1,1,0,0,0,3.18,1.37
Evan Marshall,CWS,31,23,0,0,0,22.2,17,6,30,7,1,2,1,0,2,8,2.38,1.06
Mark Melancon,ATL,36,23,0,0,0,22.2,22,7,14,7,1,2,1,11,2,0,2.78,1.28
Wade LeBlanc,BAL,37,6,6,0,0,22.1,27,20,13,8,6,1,0,0,0,0,8.06,1.57
Joakim Soria,OAK,37,22,0,0,0,22.1,18,7,24,10,1,2,2,2,1,4,2.82,1.25
Jared Hughes,NYM,36,18,0,0,0,22.1,23,12,21,14,3,1,2,0,0,2,4.84,1.66
Alex Colome,CWS,33,21,0,0,0,22.1,13,2,16,8,0,2,0,12,1,0,0.81,0.94
Nick Vincent,MIA,35,21,0,0,0,22.1,23,11,17,6,5,1,2,3,0,0,4.43,1.30
Geoff Hartlieb,PIT,28,21,0,0,0,22.1,16,9,19,19,1,1,0,0,0,5,3.63,1.57
Genesis Cabrera,STL,25,19,0,0,0,22.1,10,6,32,16,3,4,1,1,0,2,2.42,1.16
Caleb Baragar,SF,27,24,1,0,0,22.1,17,10,19,5,3,5,1,0,1,2,4.03,0.99
Wes Benjamin,TEX,28,8,1,0,0,22.1,24,12,21,7,4,2,1,0,0,0,4.84,1.39
Tyler Zuber,KC,26,23,0,0,0,22.0,15,10,30,20,4,1,2,0,0,0,4.09,1.59
Jake Newberry,KC,27,20,0,0,0,22.0,20,10,24,12,3,1,0,1,0,1,4.09,1.45
Brad Hand,CLE,31,23,0,0,0,22.0,13,5,29,4,0,2,1,16,0,1,2.05,0.77
Emilio Pagan,SD,30,22,0,0,0,22.0,14,11,23,9,4,0,1,2,5,7,4.50,1.05
Paul Fry,BAL,29,22,0,0,0,22.0,22,6,29,9,3,1,0,0,0,4,2.45,1.41
Luis Cessa,NYY,29,16,0,0,0,21.2,20,8,17,7,2,0,0,1,0,1,3.32,1.25
Tyler Webb,STL,31,21,0,0,0,21.2,17,5,19,7,2,1,1,1,2,2,2.08,1.11
Jonathan Holder,NYY,28,18,0,0,0,21.2,25,12,14,11,3,3,0,0,0,0,4.98,1.66
A.J. Minter,ATL,28,22,0,0,0,21.2,15,2,24,9,1,1,1,0,0,5,0.83,1.11
Huascar Ynoa,ATL,23,9,5,0,0,21.2,23,14,17,13,2,0,0,0,0,0,5.82,1.66
Mitch Keller,PIT,25,5,5,0,0,21.2,9,7,16,18,4,1,1,0,0,0,2.91,1.25
Hector Neris,PHI,32,24,0,0,0,21.2,24,11,27,13,0,2,2,5,3,4,4.57,1.71
Yusmeiro Petit,OAK,37,26,0,0,0,21.2,19,4,17,5,3,2,1,0,0,7,1.66,1.11
Nik Turley,PIT,32,25,0,0,0,21.2,13,12,20,11,1,0,3,1,3,3,4.98,1.11
Diego Castillo,TB,28,22,0,0,0,21.2,12,4,23,11,3,3,0,4,1,5,1.66,1.06
Bryan Garcia,DET,26,26,0,0,0,21.2,18,4,12,10,0,2,1,4,2,3,1.66,1.29
Phil Maton,CLE,28,23,0,0,0,21.2,23,11,32,6,1,3,3,0,1,4,4.57,1.34
Adbert Alzolay,CHC,27,6,4,0,0,21.1,12,7,29,13,1,1,1,0,0,0,2.95,1.17
Jake Diekman,OAK,35,21,0,0,0,21.1,8,1,31,12,1,2,0,0,1,13,0.42,0.94
Mike Minor,OAK,34,5,4,1,1,21.1,15,13,27,7,4,1,1,0,0,0,5.48,1.03
Buck Farmer,DET,31,23,0,0,0,21.1,20,9,14,5,3,1,0,0,1,7,3.80,1.17
Jeff Hoffman,COL,29,16,0,0,0,21.1,32,22,20,9,3,2,1,1,0,0,9.28,1.92
Sam Howard,PIT,28,22,0,0,0,21.0,17,9,27,9,4,2,3,0,2,4,3.86,1.24
Jake Woodford,STL,25,12,1,0,0,21.0,20,13,16,5,7,1,0,0,0,0,5.57,1.19
Rony Garcia,DET,24,15,2,0,0,21.0,25,19,14,9,7,1,0,0,0,0,8.14,1.62
Anthony Kay,TOR,26,13,0,0,0,21.0,22,12,22,14,3,2,0,0,0,2,5.14,1.71
Noe Ramirez,LAA,32,21,0,0,0,21.0,15,7,14,9,2,1,0,0,1,0,3.00,1.14
Ryan Pressly,HOU,33,23,0,0,0,21.0,21,8,29,7,2,1,3,12,4,0,3.43,1.33
Ryan Tepera,CHC,34,21,0,0,0,20.2,17,9,31,12,2,0,1,0,1,2,3.92,1.40
Duane Underwood,CHC,27,17,0,0,0,20.2,25,13,27,6,5,1,0,0,0,1,5.66,1.50
Robbie Ray,TOR,30,5,4,0,0,20.2,22,11,25,14,4,1,1,0,0,0,4.79,1.74
Daniel Hudson,WAS,34,21,0,0,0,20.2,15,14,28,11,6,3,2,10,5,0,6.10,1.26
T.J. McFarland,OAK,32,23,0,0,0,20.2,26,10,9,5,5,2,0,0,0,6,4.35,1.50
Tanner Scott,BAL,27,25,0,0,0,20.2,12,3,23,10,1,0,0,1,1,5,1.31,1.06
Matt Strahm,SD,30,19,0,0,0,20.2,14,6,15,4,3,0,1,0,2,3,2.61,0.87
Nick Nelson,NYY,26,11,0,0,0,20.2,20,11,18,11,4,1,0,0,0,0,4.79,1.50
Blake Taylor,HOU,26,22,0,0,0,20.2,13,5,17,12,2,2,1,1,1,5,2.18,1.21
Enoli Paredes,HOU,26,22,0,0,0,20.2,18,7,20,11,1,3,3,0,2,5,3.05,1.40
Yohan Ramirez,SEA,26,16,0,0,0,20.2,9,6,26,20,3,0,0,3,0,1,2.61,1.40
Victor Gonzalez,LAD,26,15,1,0,0,20.1,13,3,23,2,0,3,0,0,0,2,1.33,0.74
Jeffrey Springs,BOS,29,16,0,0,0,20.1,30,16,28,7,5,0,2,0,1,1,7.08,1.82
Tanner Rainey,WAS,29,20,0,0,0,20.1,8,6,32,7,4,1,1,0,0,9,2.66,0.74
Jake McGee,LAD,35,24,0,0,0,20.1,14,6,33,3,2,3,1,0,0,4,2.66,0.84
James Paxton,NYY,33,5,5,0,0,20.1,23,15,26,7,4,1,1,0,0,0,6.64,1.48
Hector Rondon,ARI,34,23,0,0,0,20.0,25,17,23,11,6,1,0,0,1,7,7.65,1.80
Sergio Romo,MIN,38,24,0,0,0,20.0,16,9,23,7,3,1,2,5,1,10,4.05,1.15
Carlos Martinez,STL,30,5,5,0,0,20.0,32,22,17,10,6,0,3,0,0,0,9.90,2.10
Steve Cishek,CWS,35,22,0,0,0,20.0,21,12,21,9,4,0,0,0,1,0,5.40,1.50
Pierce Johnson,SD,30,24,0,0,0,20.0,15,6,27,9,2,3,1,0,0,1,2.70,1.20
Caleb Thielbar,MIN,35,17,0,0,0,20.0,14,5,22,9,0,2,1,0,0,1,2.25,1.15
Taylor Rogers,MIN,31,21,0,0,0,20.0,26,9,24,4,2,2,4,9,2,2,4.05,1.50
Jairo Diaz,COL,30,24,0,0,0,20.0,31,17,17,14,4,1,2,4,0,3,7.65,2.25
Taylor Widener,ARI,27,12,0,0,0,20.0,14,10,22,12,5,0,1,0,0,1,4.50,1.30
Anthony Misiewicz,SEA,27,21,0,0,0,20.0,20,9,25,6,2,0,2,0,1,8,4.05,1.30
Jimmy Herget,TEX,28,20,1,0,0,19.2,13,7,17,14,2,1,0,0,1,1,3.20,1.37
Yoan Lopez,ARI,29,20,0,0,0,19.2,21,13,16,9,4,0,1,0,0,1,5.95,1.53
Chi Chi Gonzalez,COL,30,6,4,0,0,19.2,22,15,16,10,3,0,2,0,0,0,6.86,1.63
Jace Fry,CWS,28,18,0,0,0,19.2,16,8,24,12,3,0,1,0,0,1,3.66,1.42
Alex Reyes,STL,27,15,1,0,0,19.2,14,7,27,14,1,2,1,1,0,2,3.20,1.42
Austin Brice,BOS,29,21,1,0,0,19.2,17,13,25,13,3,1,0,0,0,4,5.95,1.53
Ross Detwiler,CWS,35,16,0,0,0,19.2,19,7,15,5,2,1,1,0,0,1,3.20,1.22
Justin Wilson,NYM,34,23,0,0,0,19.2,18,8,23,9,1,2,1,0,0,10,3.66,1.37
Sam Selman,SF,31,24,0,0,0,19.1,13,8,23,9,2,1,1,1,0,3,3.72,1.14
Adrian Morejon,SD,23,9,4,0,0,19.1,20,10,25,4,7,2,2,0,0,0,4.66,1.24
Jalen Beeks,TB,28,12,0,0,0,19.1,21,7,26,4,1,1,1,1,0,2,3.26,1.29
Dovydas Neverauskas,PIT,29,17,0,0,0,19.0,24,15,23,10,5,0,3,0,0,0,7.11,1.79
Adam Kolarek,LAD,33,20,0,0,0,19.0,11,2,13,4,1,3,0,1,0,3,0.95,0.79
Josh Hader,MIL,27,21,0,0,0,19.0,8,8,31,10,3,1,2,13,2,0,3.79,0.95
Alex Claudio,MIL,30,20,0,0,0,19.0,18,9,15,6,2,0,0,1,0,1,4.26,1.26
Mike Clevinger,SD,31,4,4,1,1,19.0,14,6,19,3,1,2,1,0,0,0,2.84,0.89
Ivan Nova,DET,35,4,4,0,0,19.0,22,18,9,9,4,1,1,0,0,0,8.53,1.63
Zack Britton,NYY,34,20,0,0,0,19.0,12,4,16,7,0,1,2,8,0,3,1.89,1.00
Nate Jones,CIN,36,21,0,0,0,18.2,25,13,23,6,5,0,1,0,0,4,6.27,1.66
Tyler Chatwood,CHC,32,5,5,0,0,18.2,22,11,25,9,2,2,2,0,0,0,5.30,1.66
Drew Pomeranz,SD,33,20,0,0,0,18.2,9,3,29,10,1,1,0,4,1,9,1.45,1.02
Kendall Graveman,SEA,31,11,2,0,0,18.2,15,12,15,8,2,1,3,0,1,5,5.79,1.23
Caleb Ferguson,LAD,25,21,1,0,0,18.2,16,6,27,3,4,2,1,0,2,5,2.89,1.02
Dean Kremer,BAL,26,4,4,0,0,18.2,15,10,22,12,0,1,1,0,0,0,4.82,1.45
Riley Smith,ARI,27,6,0,0,0,18.1,15,3,18,5,1,2,0,0,0,0,1.47,1.09
Cam Hill,CLE,27,18,0,0,0,18.1,11,10,16,5,4,2,0,1,0,2,4.91,0.87
Amir Garrett,CIN,29,21,0,0,0,18.1,10,5,26,7,4,1,0,1,1,7,2.45,0.93
Jarlin Garcia,SF,29,19,0,0,0,18.1,11,1,14,7,0,2,1,0,0,6,0.49,0.98
Dan Winkler,CHC,32,18,0,0,0,18.1,11,6,18,11,3,0,0,0,1,1,2.95,1.20
Adam Ottavino,NYY,36,24,0,0,0,18.1,20,12,25,9,2,2,3,0,3,2,5.89,1.58
Oliver Perez,CLE,40,21,0,0,0,18.0,13,4,14,6,0,1,1,1,1,3,2.00,1.06
Brad Boxberger,MIA,33,23,0,0,0,18.0,17,6,18,8,3,1,0,0,1,5,3.00,1.39
Tony Watson,SF,36,21,0,0,0,18.0,13,5,15,3,3,1,0,2,0,10,2.50,0.89
Chris Martin,ATL,35,19,0,0,0,18.0,8,2,20,3,1,1,1,1,0,6,1.00,0.61
Nate Pearson,TOR,25,5,4,0,0,18.0,14,12,16,13,5,1,0,0,0,0,6.00,1.50
Jacob Barnes,LAA,31,18,0,0,0,18.0,19,11,24,4,1,0,2,0,0,1,5.50,1.28
Tim Hill,SD,32,23,0,0,0,18.0,17,9,20,6,3,3,0,0,0,5,4.50,1.28
Jacob Waguespack,TOR,28,11,0,0,0,17.2,27,16,16,9,2,0,0,0,0,1,8.15,2.04
Rafael Montero,TEX,31,17,0,0,0,17.2,12,8,19,6,2,0,1,8,0,0,4.08,1.02
Will Harris,WAS,37,20,0,0,0,17.2,21,6,21,9,3,0,1,1,3,6,3.06,1.70
Jesse Hahn,KC,32,18,0,0,0,17.1,4,1,19,8,0,1,0,3,0,5,0.52,0.69
Luis Perdomo,SD,28,10,1,0,0,17.1,13,11,16,10,3,0,0,0,0,0,5.71,1.33
Cal Quantrill,SD,27,10,1,0,0,17.1,17,5,18,6,2,2,0,1,0,1,2.60,1.33
Taylor Hearn,TEX,27,14,0,0,0,17.1,13,7,23,11,2,0,0,0,0,0,3.63,1.38
Rowan Wick,CHC,29,19,0,0,0,17.1,18,6,20,6,1,0,1,4,0,5,3.12,1.38
Cy Sneed,HOU,29,18,0,0,0,17.1,22,11,21,10,3,0,3,0,2,3,5.71,1.85
Kyle Funkhouser,DET,27,13,0,0,0,17.1,22,14,12,11,3,1,1,0,0,0,7.27,1.90
Josh James,HOU,28,13,2,0,0,17.1,15,14,21,17,4,1,0,0,2,4,7.27,1.85
Luis Patino,SD,22,11,1,0,0,17.1,18,10,21,14,3,1,0,0,0,1,5.19,1.85
Cody Ponce,PIT,27,5,3,0,0,17.0,12,6,12,6,5,1,1,0,0,0,3.18,1.06
Tanner Houck,BOS,25,3,3,0,0,17.0,6,1,21,9,1,3,0,0,0,0,0.53,0.88
Dennis Santana,LAD,25,12,0,0,0,17.0,15,10,18,7,4,1,2,0,1,0,5.29,1.29
Jesse Chavez,TEX,38,18,0,0,0,17.0,20,13,13,7,6,0,0,0,3,2,6.88,1.59
Pedro Baez,LAD,33,18,0,0,0,17.0,10,6,13,7,2,0,0,2,0,6,3.18,1.00
Jeff Samardzija,SF,37,4,4,0,0,16.2,21,18,6,4,7,0,2,0,0,0,9.72,1.50
Hansel Robles,LAA,31,18,0,0,0,16.2,19,19,20,10,4,0,2,1,2,0,10.26,1.74
Ryan Borucki,TOR,27,21,0,0,0,16.2,12,5,21,12,1,1,1,0,1,4,2.70,1.44
Dillon Tate,BAL,27,12,0,0,0,16.2,9,6,14,5,1,1,1,0,0,2,3.24,0.84
Lewis Thorpe,MIN,26,7,1,0,0,16.1,24,11,10,10,4,0,1,0,0,0,6.06,2.08
Wilmer Font,TOR,31,21,0,0,0,16.1,28,18,15,9,2,1,3,0,1,2,9.92,2.27
Darren O'Day,ATL,39,19,0,0,0,16.1,8,2,22,5,1,4,0,0,1,2,1.10,0.80
Nick Anderson,TB,31,19,0,0,0,16.1,5,1,26,3,1,2,1,6,0,6,0.55,0.49
Devin Smeltzer,MIN,26,7,1,0,0,16.0,19,12,15,5,2,2,0,0,0,0,6.75,1.50
Kevin Ginkel,ARI,27,19,0,0,0,16.0,21,12,18,13,3,0,2,1,1,0,6.75,2.13
Will Smith,ATL,32,18,0,0,0,16.0,11,8,18,4,7,2,2,0,1,5,4.50,0.94
Brooks Raley,HOU,33,17,0,0,0,16.0,8,7,21,4,3,0,1,1,0,6,3.94,0.75
Blake Parker,PHI,36,14,1,0,0,16.0,12,5,25,9,2,3,0,0,1,1,2.81,1.31
Javy Guerra,WAS,36,14,0,0,0,15.2,19,7,13,7,2,0,0,0,0,5,4.02,1.66
Kyle Ryan,CHC,30,18,0,0,0,15.2,16,9,11,6,5,1,0,1,0,4,5.17,1.40
Ross Stripling,TOR,32,5,2,0,0,15.2,18,11,13,7,1,0,2,1,0,0,6.32,1.60
Nick Tropeano,PIT,31,7,0,0,0,15.2,14,2,19,4,1,1,0,0,0,0,1.15,1.15
Josh Osich,BOS,33,13,1,0,0,15.2,16,10,20,5,6,1,1,0,0,1,5.74,1.34
Miguel Castro,BAL,27,16,0,0,0,15.2,17,7,24,5,3,1,0,1,2,4,4.02,1.40
Bryse Wilson,ATL,24,6,2,0,0,15.2,18,7,15,9,2,1,0,1,0,0,4.02,1.72
John Schreiber,DET,27,15,0,0,0,15.2,19,11,14,4,2,0,1,0,1,1,6.32,1.47
Ljay Newsome,SEA,25,5,4,0,0,15.2,20,9,9,1,4,0,1,0,0,0,5.17,1.34
Joey Gerber,SEA,24,17,0,0,0,15.2,13,7,6,5,1,1,1,0,1,4,4.02,1.15
Shaun Anderson,SF,27,18,0,0,0,15.1,10,6,18,12,3,0,0,0,0,2,3.52,1.43
Drew Rasmussen,MIL,26,12,0,0,0,15.1,17,10,21,9,3,1,0,0,0,0,5.87,1.70
Craig Kimbrel,CHC,33,18,0,0,0,15.1,10,9,28,12,2,0,1,2,1,3,5.28,1.43
Giovanny Gallegos,STL,30,16,0,0,0,15.0,9,6,21,4,1,2,2,4,0,1,3.60,0.87
Shawn Armstrong,BAL,31,14,0,0,0,15.0,9,3,14,3,1,2,0,0,0,3,1.80,0.80
John Gant,STL,29,17,0,0,0,15.0,9,4,18,7,0,0,3,0,0,5,2.40,1.07
Brady Lail,SEA,28,7,0,0,0,15.0,12,8,11,7,5,0,0,0,0,0,4.80,1.27
Yimi Garcia,MIA,31,14,0,0,0,15.0,9,1,19,5,0,3,0,1,1,4,0.60,0.93
Cody Stashak,MIN,27,11,0,0,0,15.0,11,5,17,3,2,1,0,0,0,5,3.00,0.93
Carlos Hernandez,KC,24,5,3,0,0,14.2,19,8,13,6,4,0,1,0,0,0,4.91,1.70
Jordan Romano,TOR,28,15,0,0,0,14.2,8,2,21,5,2,2,1,2,1,5,1.23,0.89
Brett Martin,TEX,26,15,0,0,0,14.2,8,3,8,9,2,1,1,0,0,2,1.84,1.16
Sam Coonrod,SF,29,18,0,0,0,14.2,17,16,15,7,2,0,2,3,2,2,9.82,1.64
Cal Quantrill,CLE,27,8,2,0,0,14.2,14,3,13,2,2,0,0,0,1,1,1.84,1.09
James Hoyt,MIA,35,24,0,0,0,14.2,9,2,20,8,1,2,0,0,0,5,1.23,1.16
Cam Bedrosian,LAA,30,11,0,0,0,14.2,10,4,11,6,0,0,0,0,0,0,2.45,1.09
Erasmo Ramirez,NYM,31,6,0,0,0,14.1,8,1,9,4,1,0,0,1,0,0,0.63,0.84
Wade Miley,CIN,35,6,4,0,0,14.1,15,9,12,9,1,0,3,0,0,0,5.65,1.67
Cesar Valdez,BAL,36,9,0,0,0,14.1,7,2,12,3,0,1,1,3,0,0,1.26,0.70
Evan Phillips,BAL,27,14,0,0,0,14.1,14,8,20,10,1,1,1,0,0,2,5.02,1.67
Ian Kennedy,KC,37,15,1,0,0,14.0,20,14,15,5,7,0,2,0,0,2,9.00,1.79
Dylan Covey,BOS,30,8,0,0,0,14.0,18,11,11,2,2,0,0,0,0,1,7.07,1.43
Jordan Weems,OAK,29,9,0,0,0,14.0,10,5,18,7,1,0,0,0,0,0,3.21,1.21
Mike Kickham,BOS,33,6,2,0,0,14.0,21,12,17,5,6,1,1,0,0,0,7.71,1.86
Robert Gsellman,NYM,28,6,4,0,0,14.0,22,15,9,8,4,0,0,0,0,1,9.64,2.14
Colin Rea,CHC,31,9,2,0,0,14.0,15,9,10,2,3,1,1,0,0,1,5.79,1.21
Mike Soroka,ATL,24,3,3,0,0,13.2,11,6,8,7,0,0,1,0,0,0,3.95,1.32
Sean Newcomb,ATL,28,4,4,0,0,13.2,20,17,10,6,4,0,2,0,0,0,11.20,1.90
Taylor Williams,SEA,30,14,0,0,0,13.2,12,9,19,7,1,1,1,6,0,1,5.93,1.39
Jason Adam,CHC,30,13,0,0,0,13.2,9,5,21,8,2,2,1,0,0,0,3.29,1.24
Trevor Rosenthal,KC,31,14,0,0,0,13.2,9,5,21,7,2,0,0,7,0,1,3.29,1.17
Richard Bleier,MIA,34,19,0,0,0,13.2,13,4,7,4,0,1,1,0,0,6,2.63,1.24
Jake Odorizzi,MIN,31,4,4,0,0,13.2,16,10,12,3,4,0,1,0,0,0,6.59,1.39
Robert Stock,BOS,32,10,0,0,0,13.1,16,7,14,10,0,0,1,0,0,0,4.73,1.95
Hoby Milner,LAA,31,19,0,0,0,13.1,13,12,13,6,5,0,0,0,0,1,8.10,1.43
Corey Knebel,MIL,30,15,0,0,0,13.1,15,9,15,8,4,0,0,0,2,0,6.08,1.73
Marcus Walden,BOS,33,15,0,0,0,13.1,23,14,10,9,5,0,2,1,0,2,9.45,2.40
Javy Guerra,SD,26,14,0,0,0,13.1,25,15,12,5,1,1,0,0,0,2,10.13,2.25
Adam Morgan,PHI,32,17,0,0,0,13.0,14,8,16,6,3,0,1,0,2,2,5.54,1.54
Mychal Givens,BAL,31,12,0,0,0,13.0,7,2,19,6,1,0,1,0,0,5,1.38,1.00
David Phelps,MIL,35,12,0,0,0,13.0,7,4,20,2,2,2,3,0,1,4,2.77,0.69
Brandon Workman,PHI,33,14,0,0,0,13.0,23,10,15,9,4,1,4,5,3,1,6.92,2.46
Andrew Miller,STL,36,16,0,0,0,13.0,9,4,16,5,0,1,1,4,1,2,2.77,1.08
Corey Oswalt,NYM,28,4,1,0,0,13.0,14,7,11,2,3,0,0,0,0,0,4.85,1.23
Julian Merryweather,TOR,30,8,3,0,0,13.0,11,6,15,6,0,0,0,0,0,1,4.15,1.31
Alex Wood,LAD,31,9,2,0,0,12.2,17,9,15,6,2,0,1,0,0,1,6.39,1.82
Joely Rodriguez,TEX,30,12,0,0,0,12.2,8,3,17,5,0,0,0,0,1,3,2.13,1.03
Daniel Mengden,OAK,29,4,1,0,0,12.1,14,5,10,7,2,0,1,0,0,0,3.65,1.70
Yoshihisa Hirano,SEA,37,13,0,0,0,12.1,18,8,11,8,2,0,1,4,0,1,5.84,2.11
Brad Brach,NYM,35,14,0,0,0,12.1,8,8,14,14,2,1,0,0,1,0,5.84,1.78
Scott Alexander,LAD,32,13,0,0,0,12.1,9,4,9,9,2,2,0,0,2,4,2.92,1.46
Luis Garcia,HOU,25,5,1,0,0,12.1,7,4,9,5,1,0,1,0,0,0,2.92,0.97
Ian Gibaut,TEX,28,14,0,0,0,12.1,11,9,14,9,2,0,1,0,1,2,6.57,1.62
Burch Smith,OAK,31,6,0,0,0,12.0,7,3,13,1,1,2,0,1,0,0,2.25,0.67
Keynan Middleton,LAA,28,13,0,0,0,12.0,12,7,11,6,2,0,1,0,0,2,5.25,1.50
Ryan Helsley,STL,27,12,0,0,0,12.0,8,7,10,8,3,1,1,1,2,2,5.25,1.33
Dan Altavilla,SEA,29,13,0,0,0,11.2,12,10,14,7,3,1,2,1,0,1,7.71,1.63
Trevor Gott,SF,29,15,0,0,0,11.2,13,13,8,8,7,1,2,4,2,3,10.03,1.80
Matt Harvey,KC,32,7,4,0,0,11.2,27,15,10,5,6,0,3,0,0,0,11.57,2.74
Dellin Betances,NYM,33,15,0,0,0,11.2,12,10,11,12,0,0,1,0,0,4,7.71,2.06
Aroldis Chapman,NYY,34,13,0,0,0,11.2,6,4,22,4,2,1,1,3,2,0,3.09,0.86
Seth Elledge,STL,25,12,0,0,0,11.2,11,6,14,8,2,1,0,0,0,0,4.63,1.63
Yonny Chirinos,TB,28,3,3,0,0,11.1,14,3,10,4,2,0,0,0,0,0,2.38,1.59
Jordan Yamamoto,MIA,25,4,3,0,0,11.1,27,23,13,7,8,0,1,0,0,0,18.26,3.00
Conner Menez,SF,26,7,0,0,0,11.1,6,3,8,5,2,1,0,0,0,0,2.38,0.97
Connor Brogdon,PHI,27,9,0,0,0,11.1,5,5,17,5,3,1,0,0,0,0,3.97,0.88
Dakota Bacus,WAS,30,11,0,0,0,11.1,14,10,7,9,1,0,0,0,0,2,7.94,2.03
Adam Cimber,CLE,31,14,0,0,0,11.1,13,5,5,2,1,0,1,0,0,3,3.97,1.32
Franklyn Kilome,NYM,26,4,0,0,0,11.1,14,14,13,9,5,0,1,1,0,0,11.12,2.03
T.J. Zeuch,TOR,26,3,1,0,0,11.1,9,2,3,4,1,1,0,0,0,0,1.59,1.15
Eric Lauer,MIL,26,4,2,0,0,11.0,17,16,12,9,2,0,2,0,0,0,13.09,2.36
Kyle McGowin,WAS,30,9,0,0,0,11.0,9,6,16,5,2,1,0,1,0,1,4.91,1.27
Caleb Smith,ARI,30,4,3,0,0,11.0,5,3,12,6,2,0,0,0,0,0,2.45,1.00
Nick Goody,TEX,30,17,1,0,0,11.0,14,11,13,8,3,0,2,1,2,0,9.00,2.00
Stephen Tarpley,MIA,29,12,0,0,0,11.0,11,11,11,8,2,2,2,1,0,2,9.00,1.73
Oliver Drake,TB,35,11,0,0,0,11.0,7,7,7,6,2,0,2,2,2,1,5.73,1.18
David Hale,PHI,34,6,2,0,0,11.0,16,5,7,1,2,0,0,0,0,0,4.09,1.55
Kyle Hart,BOS,29,4,3,0,0,11.0,24,19,13,10,4,0,1,0,0,0,15.55,3.09
Robert Dugger,MIA,26,4,1,0,0,10.2,21,15,4,3,5,0,0,0,0,0,12.66,2.25
Humberto Castellanos,HOU,23,8,0,0,0,10.2,12,8,12,5,2,0,1,0,1,0,6.75,1.59
Archie Bradley,ARI,29,10,0,0,0,10.2,13,5,12,3,0,1,0,6,1,0,4.22,1.50
Nick Ramirez,DET,32,5,0,0,0,10.2,8,7,11,4,3,0,0,0,0,0,5.91,1.13
Logan Allen,CLE,24,3,0,0,0,10.2,12,4,7,7,1,0,0,0,0,0,3.38,1.78
JoJo Romero,PHI,25,12,0,0,0,10.2,13,9,10,2,1,0,0,0,0,4,7.59,1.41
Matt Magill,SEA,32,11,0,0,0,10.1,9,7,11,6,3,0,1,0,2,2,6.10,1.45
John King,TEX,27,6,0,0,0,10.1,13,7,9,4,2,1,0,0,1,0,6.10,1.65
Humberto Mejia,MIA,25,3,3,0,0,10.0,13,6,11,6,3,0,2,0,0,0,5.40,1.90
Jacob Webb,ATL,28,8,0,0,0,10.0,7,0,10,5,0,0,0,0,0,0,0.00,1.20
Rico Garcia,SF,28,12,0,0,0,10.0,13,6,7,4,1,1,1,0,1,2,5.40,1.70
Jose Quintana,CHC,33,4,1,0,0,10.0,10,5,12,3,1,0,0,0,0,0,4.50,1.30
Trevor Rosenthal,SD,31,9,0,0,0,10.0,3,0,17,1,0,1,0,4,1,0,0.00,0.40
Casey Sadler,SEA,31,7,0,0,0,10.0,7,5,12,4,1,1,2,0,0,1,4.50,1.10
Robert Stephenson,CIN,29,10,0,0,0,10.0,11,11,13,3,8,0,0,0,0,1,9.90,1.40
Ryne Stanek,MIA,30,9,0,0,0,10.0,11,8,11,8,3,0,0,0,0,0,7.20,1.90
Joe Kelly,LAD,33,12,1,0,0,10.0,8,2,9,7,0,0,0,0,0,3,1.80,1.50
Nick Pivetta,BOS,29,2,2,0,0,10.0,8,2,13,5,1,2,0,0,0,0,1.80,1.30
Keury Mella,ARI,28,11,0,0,0,10.0,10,2,10,3,1,2,0,0,0,0,1.80,1.30
Andrew Suarez,SF,29,6,0,0,0,9.2,9,4,5,6,1,0,0,0,0,0,3.72,1.55
Dominic Leone,CLE,30,12,0,0,0,9.2,14,9,16,5,3,0,0,0,0,3,8.38,1.97
Tommy Milone,ATL,35,3,3,0,0,9.2,22,16,9,2,4,0,0,0,0,0,14.90,2.48
Heath Hembree,BOS,33,11,0,0,0,9.2,9,6,10,3,2,2,0,0,1,1,5.59,1.24
Ramon Rosso,PHI,25,7,1,0,0,9.2,9,7,11,8,1,0,1,0,0,0,6.52,1.76
Ryan Sherriff,TB,31,10,0,0,0,9.2,6,0,2,2,0,1,0,1,0,1,0.00,0.83
Aaron Bummer,CWS,28,9,0,0,0,9.1,5,1,14,5,0,1,0,0,0,3,0.96,1.07
Heath Hembree,PHI,33,11,0,0,0,9.1,17,13,10,5,7,1,0,0,0,2,12.54,2.36
Casey Sadler,CHC,31,10,0,0,0,9.1,8,6,9,8,2,0,0,0,0,4,5.79,1.71
Mychal Givens,COL,31,10,0,0,0,9.1,9,7,6,4,4,1,0,1,2,1,6.75,1.39
Chaz Roe,TB,35,10,0,0,0,9.1,10,3,9,3,0,2,0,1,0,2,2.89,1.39
Cody Reed,CIN,28,9,0,0,0,9.1,10,6,10,8,2,0,1,0,0,0,5.79,1.93
J.P. Feyereisen,MIL,29,6,0,0,0,9.1,4,6,7,5,3,0,0,0,0,0,5.79,0.96
Jose Alvarado,TB,26,9,0,0,0,9.0,9,6,13,6,2,0,0,0,0,1,6.00,1.67
Miguel Castro,NYM,27,10,0,0,0,9.0,11,4,14,8,1,1,2,0,0,1,4.00,2.11
Brandon Leibrandt,MIA,29,5,0,0,0,9.0,3,2,3,7,0,0,0,0,0,0,2.00,1.11
Nivaldo Rodriguez,HOU,24,5,0,0,0,8.2,15,6,8,6,3,0,1,0,0,0,6.23,2.42
Hunter Harvey,BAL,27,10,0,0,0,8.2,8,4,6,2,2,0,2,0,0,4,4.15,1.15
Matt Hall,BOS,28,4,1,0,0,8.2,17,18,9,10,2,0,3,0,0,0,18.69,3.12
Dan Altavilla,SD,29,9,0,0,0,8.2,6,3,10,5,0,1,1,0,0,2,3.12,1.27
Chance Adams,KC,27,6,0,0,0,8.2,15,9,6,0,1,0,0,0,0,0,9.35,1.73
Nabil Crismatt,STL,27,6,0,0,0,8.1,6,3,8,1,2,0,0,0,0,0,3.24,0.84
Wil Crowe,WAS,27,3,3,0,0,8.1,14,11,8,8,5,0,2,0,0,0,11.88,2.64
Darwinzon Hernandez,BOS,25,7,0,0,0,8.1,5,2,13,8,0,1,0,0,0,2,2.16,1.56
Luis Garcia,TEX,35,11,2,0,0,8.1,10,7,11,9,1,0,2,0,0,0,7.56,2.28
Tyler Bashlor,PIT,28,8,0,0,0,8.1,9,8,6,4,2,0,0,0,0,0,8.64,1.56
Nick Neidert,MIA,25,4,0,0,0,8.1,10,5,4,2,1,0,0,0,0,0,5.40,1.44
Luis Avilan,NYY,32,10,0,0,0,8.1,9,4,9,5,2,0,0,0,0,0,4.32,1.68
Walker Lockett,SEA,27,5,0,0,0,8.1,12,4,3,1,1,0,0,0,0,0,4.32,1.56
Ashton Goudeau,COL,29,4,0,0,0,8.1,15,7,2,2,3,0,0,0,0,0,7.56,2.04
Andrew Kittredge,TB,31,8,1,0,0,8.0,8,2,3,2,0,0,0,1,0,1,2.25,1.25
Walker Lockett,NYM,27,2,1,0,0,8.0,9,5,8,3,1,1,0,0,0,0,5.63,1.50
Homer Bailey,MIN,35,2,2,0,0,8.0,6,3,7,3,1,1,0,0,0,0,3.38,1.13
Andrew Triggs,BOS,32,4,2,0,0,8.0,8,4,7,3,3,0,1,0,0,0,4.50,1.38
Braxton Garrett,MIA,24,2,2,0,0,7.2,8,5,8,5,3,1,1,0,0,0,5.87,1.70
Erik Swanson,SEA,28,9,0,0,0,7.2,11,11,9,2,3,0,2,0,1,1,12.91,1.70
Carlos Rodon,CWS,29,4,2,0,0,7.2,9,7,6,3,1,0,2,0,1,0,8.22,1.57
Sean Doolittle,WAS,35,11,0,0,0,7.2,9,5,6,4,3,0,2,0,0,3,5.87,1.70
David Phelps,PHI,35,10,0,0,0,7.2,12,11,11,3,5,0,1,0,1,2,12.91,1.96
Archie Bradley,CIN,29,6,0,0,0,7.2,4,1,6,0,1,1,0,0,0,2,1.17,0.52
Nestor Cortes,SEA,27,5,1,0,0,7.2,12,13,8,6,6,0,1,0,0,0,15.26,2.35
Sean Poppen,MIN,27,6,0,0,0,7.2,9,4,10,4,0,0,0,0,0,1,4.70,1.70
Taylor Guilbeau,SEA,28,8,0,0,0,7.2,8,1,3,6,0,0,0,0,0,1,1.17,1.83
Justin Topa,MIL,30,6,0,0,0,7.2,7,2,12,0,1,0,1,0,0,0,2.35,0.91
Ben Braymer,WAS,27,3,1,0,0,7.1,7,1,8,5,0,1,0,0,0,0,1.23,1.64
Josh Taylor,BOS,29,8,0,0,0,7.1,7,8,7,5,2,1,1,0,2,1,9.82,1.64
Zac Grotz,SEA,29,5,0,0,0,7.1,11,12,4,11,4,0,0,0,0,0,14.73,3.00
Brandon Bailey,HOU,27,5,0,0,0,7.1,6,2,4,3,1,0,0,0,0,0,2.45,1.23
Deolis Guerra,PHI,32,9,0,0,0,7.1,10,7,8,2,3,1,3,0,0,0,8.59,1.64
Chase De Jong,HOU,28,3,2,0,0,7.1,12,12,9,4,2,0,1,0,0,0,14.73,2.18
Zack Burdi,CWS,26,8,0,0,0,7.1,11,9,11,3,4,0,1,0,1,1,11.05,1.91
Brandon Brennan,SEA,30,5,0,0,0,7.1,7,3,7,5,2,0,0,0,0,0,3.68,1.64
David Hess,BAL,28,3,0,0,0,7.0,10,5,1,2,1,0,0,0,0,0,6.43,1.71
Drew Smith,NYM,28,8,0,0,0,7.0,6,5,7,2,2,0,1,0,0,2,6.43,1.14
Anthony Banda,TB,28,4,0,0,0,7.0,10,8,4,5,1,1,0,1,0,0,10.29,2.14
Tyler Thornburg,CIN,33,7,0,0,0,7.0,6,3,10,5,0,0,0,0,0,1,3.86,1.57
Miguel Yajure,NYY,23,3,0,0,0,7.0,3,1,8,5,1,0,0,0,0,0,1.29,1.14
Bruce Zimmermann,BAL,27,2,1,0,0,7.0,6,6,7,2,2,0,0,0,0,0,7.71,1.14
Travis Bergen,ARI,28,7,0,0,0,6.2,4,3,8,8,1,1,0,1,0,0,4.05,1.80
Andrew Chafin,ARI,31,11,0,0,0,6.2,9,6,10,4,1,1,1,0,2,3,8.10,1.95
Brandon Workman,BOS,33,7,0,0,0,6.2,8,3,8,4,0,0,0,4,0,0,4.05,1.80
Carson Fulmer,DET,28,7,0,0,0,6.2,8,5,7,3,1,0,0,0,0,0,6.75,1.65
Beau Burrows,DET,25,5,0,0,0,6.2,8,4,3,1,3,0,0,0,0,0,5.40,1.35
Sean Reid-Foley,TOR,26,5,0,0,0,6.2,3,1,6,6,0,1,0,0,0,0,1.35,1.35
Clarke Schmidt,NYY,26,3,1,0,0,6.1,7,5,7,5,0,0,1,0,0,0,7.11,1.89
Cionel Perez,HOU,25,7,0,0,0,6.1,7,2,8,6,0,0,0,0,0,2,2.84,2.05
Jose Alvarez,PHI,32,8,0,0,0,6.1,7,1,6,3,0,0,0,0,0,1,1.42,1.58
Jonathan Stiever,CWS,24,2,2,0,0,6.1,7,7,3,4,4,0,1,0,0,0,9.95,1.74
David Bednar,SD,27,4,0,0,0,6.1,11,5,5,2,1,0,0,0,0,0,7.11,2.05
Zack Littell,MIN,26,6,0,0,0,6.1,12,7,3,3,5,0,0,0,0,0,9.95,2.37
Antonio Santos,COL,25,3,1,0,0,6.0,14,11,4,4,1,0,1,0,0,0,16.50,3.00
Phillip Diehl,COL,27,6,0,0,0,6.0,7,7,4,1,2,0,0,0,0,0,10.50,1.33
Garrett Crochet,CWS,22,5,0,0,0,6.0,3,0,8,0,0,0,0,0,0,0,0.00,0.50
David Hale,NYY,34,5,0,0,0,6.0,7,2,7,3,0,0,0,1,0,0,3.00,1.67
Bryan Shaw,SEA,34,6,0,0,0,6.0,13,12,4,6,1,1,0,0,1,0,18.00,3.17
Justin Verlander,HOU,39,1,1,0,0,6.0,3,2,7,1,2,1,0,0,0,0,3.00,0.67
Ryan Buchter,LAA,35,10,0,0,0,6.0,5,3,8,6,2,2,0,0,0,0,4.50,1.83
Paolo Espino,WAS,35,2,1,0,0,6.0,8,3,7,2,1,0,0,0,0,0,4.50,1.67
Kevin McCarthy,KC,30,5,0,0,0,6.0,10,3,2,2,1,0,0,0,0,0,4.50,2.00
Ben Heller,NYY,30,6,0,0,0,6.0,5,2,6,2,2,0,0,0,0,0,3.00,1.17
Paul Sewald,NYM,31,5,0,0,0,6.0,12,9,2,4,1,0,0,0,0,0,13.50,2.67
Patrick Murphy,TOR,26,4,0,0,0,6.0,6,1,5,2,0,0,0,0,0,0,1.50,1.33
Jose De Leon,CIN,29,5,0,0,0,6.0,6,12,10,11,1,0,0,0,0,0,18.00,2.83
Joey Lucchesi,SD,28,3,2,0,0,5.2,13,5,5,2,0,0,1,0,0,0,7.94,2.65
Gabe Speier,KC,26,8,0,0,0,5.2,9,5,6,4,1,0,1,0,0,1,7.94,2.29
Nick Pivetta,PHI,29,3,0,0,0,5.2,10,10,4,1,3,0,0,0,0,1,15.88,1.94
Kyle Crick,PIT,29,7,0,0,0,5.2,7,1,7,4,0,0,1,0,1,0,1.59,1.94
Edinson Volquez,TEX,38,7,0,0,0,5.2,6,4,3,2,0,2,1,0,0,0,6.35,1.41
Jordan Zimmermann,DET,35,3,2,0,0,5.2,11,5,6,2,0,0,0,0,0,0,7.94,2.29
Justin Shafer,MIA,29,5,0,0,0,5.2,8,8,5,4,2,0,0,0,0,0,12.71,2.12
Trent Thornton,TOR,28,3,3,0,0,5.2,15,7,6,3,0,0,0,0,0,0,11.12,3.18
Sterling Sharp,MIA,26,4,0,0,0,5.1,7,6,3,5,1,0,0,0,0,0,10.13,2.25
Reggie McClain,PHI,29,5,0,0,0,5.1,9,3,2,3,1,0,0,0,0,0,5.06,2.25
Mike Montgomery,KC,32,3,1,0,0,5.1,6,3,4,1,1,0,0,0,0,0,5.06,1.31
Luke Bard,LAA,31,6,0,0,0,5.1,7,4,7,0,2,0,0,0,0,1,6.75,1.31
James Pazos,COL,30,6,0,0,0,5.1,10,10,1,5,3,0,0,0,0,0,16.88,2.81
Luke Farrell,TEX,30,4,0,0,0,5.1,5,5,8,5,1,0,0,0,0,0,8.44,1.88
Ricardo Sanchez,STL,24,3,0,0,0,5.1,5,4,4,5,1,0,0,0,0,0,6.75,1.88
Jesus Tinoco,MIA,26,3,0,0,0,5.0,0,0,3,3,0,0,0,0,0,0,0.00,0.60
Tyson Miller,CHC,26,2,1,0,0,5.0,2,3,0,3,1,0,0,0,0,0,5.40,1.00
Glenn Sparkman,KC,29,4,0,0,0,5.0,9,3,2,1,0,0,0,0,0,0,5.40,2.00
Jhoulys Chacin,ATL,34,2,0,0,0,5.0,6,4,3,3,1,1,0,0,0,0,7.20,1.80
Stephen Strasburg,WAS,33,2,2,0,0,5.0,8,6,2,1,1,0,1,0,0,0,10.80,1.80
Branden Kline,BAL,30,3,0,0,0,5.0,2,1,7,3,0,0,0,0,0,0,1.80,1.00
Sam Freeman,WAS,34,7,0,0,0,5.0,2,1,6,7,0,0,0,0,0,1,1.80,1.80
Nick Mears,PIT,25,4,0,0,0,5.0,4,3,7,7,1,0,0,0,0,0,5.40,2.20
Kodi Whitley,STL,27,4,0,0,0,4.2,2,1,5,1,1,0,0,0,0,0,1.93,0.64
Robinson Leyer,BOS,28,6,1,0,0,4.2,12,11,9,8,3,0,0,0,0,1,21.21,4.29
Justin Grimm,MIL,32,4,0,0,0,4.2,9,9,6,4,4,0,0,0,0,0,17.36,2.79
Carl Edwards,SEA,30,5,0,0,0,4.2,2,1,6,1,0,0,0,1,0,1,1.93,0.64
Michel Baez,SD,26,3,1,0,0,4.2,7,4,7,2,0,0,0,0,1,0,7.71,1.93
Rob Kaminsky,STL,27,5,0,0,0,4.2,3,1,3,2,0,0,0,0,0,0,1.93,1.07
Kirby Yates,SD,34,6,0,0,0,4.1,7,6,8,4,1,0,1,2,0,1,12.46,2.54
Josh Sborz,LAD,28,4,0,0,0,4.1,2,1,2,1,1,0,0,0,0,0,2.08,0.69
Joe Biagini,HOU,31,4,0,0,0,4.1,10,10,4,4,1,0,0,0,0,0,20.77,3.23
Roberto Osuna,HOU,27,4,0,0,0,4.1,3,1,3,0,0,0,0,1,0,1,2.08,0.69
Domingo Tapia,BOS,30,5,0,0,0,4.1,4,1,4,2,1,0,0,0,0,0,2.08,1.38
Jose Mujica,COL,25,2,0,0,0,4.1,10,6,1,2,2,0,0,0,0,0,12.46,2.77
Sean Gilmartin,TB,31,2,0,0,0,4.1,7,4,5,4,2,0,0,0,0,0,8.31,2.54
Pat Venditte,MIA,36,3,0,0,0,4.1,1,0,5,0,0,0,0,0,0,0,0.00,0.23
Wade Davis,COL,36,5,0,0,0,4.1,9,10,3,3,3,0,1,2,1,0,20.77,2.77
Aaron Fletcher,SEA,26,6,0,0,0,4.1,7,6,7,7,1,0,0,0,0,1,12.46,3.23
Alex Vesia,MIA,25,5,0,0,0,4.1,7,9,5,7,3,0,1,0,0,1,18.69,3.23
Blake Cederlind,PIT,26,5,0,0,0,4.0,3,2,4,1,0,0,0,0,0,0,4.50,1.00
James Bourque,WAS,28,6,0,0,0,4.0,3,3,1,5,1,1,0,0,0,0,6.75,2.00
Ian Hamilton,CWS,26,4,0,0,0,4.0,4,2,4,5,0,0,0,0,0,0,4.50,2.25
Dereck Rodriguez,SF,29,2,0,0,0,4.0,10,6,2,3,2,0,0,0,0,0,13.50,3.25
Brooks Raley,CIN,33,4,0,0,0,4.0,5,4,6,2,0,0,0,0,0,0,9.00,1.75
Jose Ruiz,CWS,27,5,0,0,0,4.0,2,1,5,0,1,0,0,0,1,0,2.25,0.50
Adonis Medina,PHI,25,1,1,0,0,4.0,3,2,4,3,0,0,1,0,0,0,4.50,1.50
Yacksel Rios,PIT,28,3,0,0,0,4.0,3,4,3,2,0,0,0,0,0,1,9.00,1.25
Austin Adams,SD,30,3,0,0,0,4.0,3,2,7,2,1,0,0,0,0,1,4.50,1.25
Ranger Suarez,PHI,26,3,0,0,0,4.0,10,9,1,4,1,0,1,0,0,0,20.25,3.50
Demarcus Evans,TEX,25,4,0,0,0,4.0,3,1,4,0,1,0,0,0,0,0,2.25,0.75
Ariel Jurado,NYM,26,1,1,0,0,4.0,9,5,2,0,1,0,0,0,0,0,11.25,2.25
Mike Morin,MIA,30,3,0,0,0,4.0,1,0,2,1,0,1,0,0,0,0,0.00,0.50
Jesus Tinoco,COL,26,3,0,0,0,3.2,3,1,3,4,0,0,0,0,0,0,2.45,1.91
James Kaprielian,OAK,28,2,0,0,0,3.2,4,3,4,2,2,0,0,0,0,0,7.36,1.64
Carson Fulmer,BAL,28,3,0,0,0,3.2,0,0,4,2,0,0,0,0,0,0,0.00,0.55
Chad Sobotka,ATL,28,4,0,0,0,3.2,6,5,2,2,0,0,0,0,0,0,12.27,2.18
Ronald Bolanos,KC,25,2,2,0,0,3.2,8,5,2,3,2,0,2,0,0,0,12.27,3.00
Brian Moran,MIA,33,5,0,0,0,3.2,5,5,6,6,1,1,0,0,0,0,12.27,3.00
Chris Devenski,HOU,31,4,0,0,0,3.2,7,6,5,3,1,0,1,0,1,0,14.73,2.73
Ken Giles,TOR,31,4,0,0,0,3.2,4,4,6,4,2,0,0,1,0,1,9.82,2.18
Austin Davis,PIT,29,5,0,0,0,3.2,1,1,3,1,0,0,0,0,0,1,2.45,0.55
Cole Irvin,PHI,28,3,0,0,0,3.2,11,7,4,1,1,0,1,0,0,0,17.18,3.27
Miguel Del Pozo,PIT,29,5,0,0,0,3.2,7,7,2,8,0,0,0,0,2,0,17.18,4.09
Jose Quijada,LAA,26,6,0,0,0,3.2,6,3,6,2,1,0,1,0,1,1,7.36,2.18
Brooks Kriske,NYY,28,4,0,0,0,3.2,3,6,8,7,1,0,0,0,0,0,14.73,2.73
Trevor Kelley,PHI,28,4,0,0,0,3.1,8,4,5,1,2,0,0,0,0,0,10.80,2.70
Joe Harvey,COL,30,4,0,0,0,3.1,3,0,2,0,0,0,0,0,0,0,0.00,0.90
Bryan Abreu,HOU,24,4,0,0,0,3.1,1,1,3,7,0,0,0,0,0,0,2.70,2.40
Artie Lewicki,ARI,29,2,0,0,0,3.1,7,2,5,1,0,0,0,0,0,0,5.40,2.40
Mike Foltynewicz,ATL,30,1,1,0,0,3.1,4,6,3,4,3,0,1,0,0,0,16.20,2.40
Hunter Strickland,NYM,33,4,0,0,0,3.1,5,3,4,1,0,0,1,0,0,0,8.10,1.80
Rex Brothers,CHC,34,3,0,0,0,3.1,2,3,8,3,2,0,0,0,0,0,8.10,1.50
Chris Rusin,ATL,35,1,0,0,0,3.1,6,3,3,3,1,0,0,0,0,0,8.10,2.70
Robbie Erlin,PIT,31,2,0,0,0,3.1,5,2,4,1,0,0,0,0,0,0,5.40,1.80
Cole Hamels,ATL,38,1,1,0,0,3.1,3,3,2,1,0,0,1,0,0,0,8.10,1.20
Brett Eibner,MIA,33,3,0,0,0,3.1,7,5,4,4,2,0,0,0,0,0,13.50,3.30
Edgar Garcia,TB,25,4,0,0,0,3.1,3,4,1,4,2,0,0,1,0,2,10.80,2.10
Randy Rosario,KC,27,4,0,0,0,3.1,7,3,4,3,1,0,1,0,1,0,8.10,3.00
Brandon Waddell,PIT,27,2,0,0,0,3.1,2,1,2,2,0,0,0,0,0,0,2.70,1.20
Mitch White,LAD,27,2,0,0,0,3.0,1,0,2,1,0,1,0,0,0,0,0.00,0.67
Sam Gaviglio,TOR,31,4,0,0,0,3.0,3,3,1,5,0,0,1,0,0,0,9.00,2.67
Johan Quezada,MIA,27,3,0,0,0,3.0,4,3,2,1,1,0,0,0,0,0,9.00,1.67
Junior Fernandez,STL,25,3,0,0,0,3.0,6,6,2,2,1,0,0,0,0,0,18.00,2.67
Caleb Smith,MIA,30,1,1,0,0,3.0,1,1,3,6,1,0,0,0,0,0,3.00,2.33
Ray Black,MIL,31,3,0,0,0,3.0,2,1,3,3,0,0,0,0,0,0,3.00,1.67
Scott Blewett,KC,25,2,0,0,0,3.0,6,2,4,1,0,0,0,0,0,0,6.00,2.33
Richard Bleier,BAL,34,2,0,0,0,3.0,1,0,4,0,0,0,0,0,0,0,0.00,0.33
Andrew Chafin,CHC,31,4,0,0,0,3.0,2,1,3,1,1,0,1,1,0,0,3.00,1.00
Austin Davis,PHI,29,4,0,0,0,3.0,10,7,2,1,1,0,0,0,0,0,21.00,3.67
Joel Payamps,ARI,27,2,0,0,0,3.0,2,1,2,3,0,0,0,0,0,0,3.00,1.67
Alex McRae,CWS,28,2,0,0,0,3.0,1,0,2,0,0,0,0,0,0,0,0.00,0.33
Joel Kuhnel,CIN,27,3,0,0,0,3.0,4,2,3,0,2,1,0,0,0,0,6.00,1.33
Seth Frankoff,SEA,33,2,0,0,0,2.2,6,5,0,2,0,0,0,0,0,0,16.88,3.00
Ryan Meisinger,STL,27,2,0,0,0,2.2,1,0,3,4,0,0,0,0,0,0,0.00,1.88
Josh Osich,CHC,33,4,0,0,0,2.2,5,3,4,0,0,0,0,0,0,0,10.13,1.88
AJ Ramos,COL,35,3,0,0,0,2.2,4,1,1,3,1,0,0,0,0,0,3.38,2.63
Randy Messenger,STL,40,2,0,0,0,2.2,1,0,3,4,0,0,0,0,0,0,0.00,1.88
Cody Reed,TB,28,2,0,0,0,2.2,1,0,2,0,0,0,0,0,0,0,0.00,0.38
Danny Coulombe,MIN,32,2,0,0,0,2.2,2,0,3,3,0,0,0,0,0,0,0.00,1.88
Seth Romero,WAS,25,3,0,0,0,2.2,5,4,5,3,1,0,0,0,0,1,13.50,3.00
Angel Perdomo,MIL,27,3,0,0,0,2.2,3,6,5,7,0,0,0,0,0,0,20.25,3.75
Joe Palumbo,TEX,27,2,0,0,0,2.1,3,3,5,3,1,0,1,0,0,0,11.57,2.57
Jose Suarez,LAA,24,2,2,0,0,2.1,10,10,2,5,1,0,2,0,0,0,38.57,6.43
Joe Mantiply,ARI,31,4,0,0,0,2.1,3,4,2,4,0,0,0,0,0,0,15.43,3.00
Nick Burdi,PIT,29,3,0,0,0,2.1,2,1,4,2,0,0,1,1,0,0,3.86,1.71
Pedro Strop,CIN,36,4,0,0,0,2.1,1,1,3,6,0,0,0,0,0,1,3.86,3.00
Kelvin Herrera,CWS,32,2,0,0,0,2.1,3,4,3,1,2,0,0,0,0,0,15.43,1.71
Paul Blackburn,OAK,28,1,1,0,0,2.1,5,7,2,2,0,0,1,0,0,0,27.00,3.00
Brad Peacock,HOU,34,3,0,0,0,2.1,3,2,3,1,0,0,0,0,0,0,7.71,1.71
Bobby Wahl,MIL,29,3,0,0,0,2.1,4,3,1,0,2,0,1,0,0,0,11.57,1.71
Jimmy Yacabonis,SEA,29,2,1,0,0,2.1,2,1,1,3,0,0,1,0,0,0,3.86,2.14
Tommy Doyle,COL,25,3,0,0,0,2.1,6,6,2,4,0,0,0,0,0,0,23.14,4.29
Kyle Keller,LAA,28,2,0,0,0,2.1,3,2,1,2,0,0,0,0,0,0,7.71,2.14
Jimmy Lambert,CWS,27,2,0,0,0,2.0,2,0,2,0,0,0,0,0,0,0,0.00,1.00
Cody Carroll,BAL,29,3,0,0,0,2.0,9,12,3,5,0,0,0,0,0,0,54.00,7.00
Carlos Sanabria,HOU,25,2,0,0,0,2.0,3,2,2,3,1,0,0,0,0,0,9.00,3.00
Cory Gearrin,MIN,35,1,0,0,0,2.0,0,0,1,2,0,0,0,0,0,0,0.00,1.00
Keone Kela,PIT,28,3,0,0,0,2.0,3,1,3,1,1,0,0,0,0,0,4.50,2.00
Bernardo Flores,CWS,26,2,0,0,0,2.0,4,2,2,0,0,0,0,0,0,0,9.00,2.00
Daulton Jefferies,OAK,26,1,1,0,0,2.0,5,5,1,2,2,0,1,0,0,0,22.50,3.50
Jose Leclerc,TEX,28,2,0,0,0,2.0,2,1,3,2,0,0,0,1,0,0,4.50,2.00
Dillon Peters,LAA,29,1,1,0,0,1.2,3,3,2,0,2,0,0,0,0,0,16.20,1.80
Hector Perez,TOR,25,1,0,0,0,1.2,3,2,1,3,1,0,0,0,0,0,10.80,3.60
Michael Feliz,PIT,28,3,0,0,0,1.2,4,6,2,2,1,0,0,0,0,0,32.40,3.60
Foster Griffin,KC,26,1,0,0,0,1.2,0,0,1,0,0,1,0,0,0,0,0.00,0.00
Aaron Barrett,WAS,34,2,0,0,0,1.2,2,2,1,2,0,0,0,0,0,0,10.80,2.40
Tyler Lyons,NYY,34,1,0,0,0,1.2,3,4,0,1,0,0,0,0,0,0,21.60,2.40
Tucker Davidson,ATL,25,1,1,0,0,1.2,3,2,2,4,1,0,1,0,0,0,10.80,4.20
Josh D. Smith,MIA,32,2,0,0,0,1.2,2,2,4,1,1,0,0,0,0,0,10.80,1.80
Travis Bergen,TOR,28,1,0,0,0,1.2,1,0,3,1,0,0,0,0,0,0,0.00,1.20
James Norwood,CHC,28,3,0,0,0,1.2,4,3,0,1,0,0,0,0,0,0,16.20,3.00
Jose Rodriguez,LAA,26,1,0,0,0,1.2,2,0,0,1,0,0,0,0,0,0,0.00,1.80
Dany Jimenez,SF,28,2,0,0,0,1.1,1,1,1,3,0,0,0,0,0,0,6.75,3.00
Juan Nicasio,TEX,35,2,0,0,0,1.1,5,6,1,2,1,0,0,0,0,0,40.50,5.25
Brady Lail,CWS,28,1,0,0,0,1.1,2,0,1,0,0,0,0,0,0,0,0.00,1.50
Sal Romano,CIN,28,2,0,0,0,1.1,0,0,0,0,0,1,0,0,0,0,0.00,0.00
Drew Anderson,CWS,27,1,0,0,0,1.1,4,6,2,2,2,0,1,0,0,0,40.50,4.50
Clay Holmes,PIT,28,1,0,0,0,1.1,2,0,1,0,0,0,0,0,0,0,0.00,1.50
Albert Abreu,NYY,26,2,0,0,0,1.1,4,3,2,2,1,0,1,0,0,0,20.25,4.50
Silvino Bracho,ARI,29,1,0,0,0,1.0,2,2,1,0,1,0,0,0,0,0,18.00,2.00
Mauricio Llovera,PHI,25,1,0,0,0,1.0,5,4,1,1,0,0,0,0,0,0,36.00,6.00
Matt Dermody,CHC,31,1,0,0,0,1.0,0,0,1,0,0,0,0,0,0,0,0.00,0.00
Jorge Guzman,MIA,26,1,0,0,0,1.0,2,2,0,1,2,0,0,0,0,0,18.00,3.00
Taylor Williams,SD,30,1,0,0,0,1.0,2,1,1,0,0,0,0,0,0,0,9.00,2.00
Phil Bickford,MIL,26,1,0,0,0,1.0,4,4,2,0,0,0,0,0,0,0,36.00,4.00
Jeff Brigham,MIA,30,1,0,0,0,1.0,2,1,0,0,0,0,0,0,0,0,9.00,2.00
Matt Grace,ARI,33,3,0,0,0,1.0,5,6,2,2,1,0,1,0,0,0,54.00,7.00
Corey Kluber,TEX,35,1,1,0,0,1.0,0,0,1,1,0,0,0,0,0,0,0.00,1.00
Dillon Maples,CHC,29,2,0,0,0,1.0,1,2,1,4,0,0,0,0,0,0,18.00,5.00
Brian Moran,TOR,33,2,0,0,0,1.0,1,0,1,0,0,0,0,0,1,0,0.00,1.00
Tommy Kahnle,NYY,32,1,0,0,0,1.0,1,0,3,1,0,0,0,0,0,1,0.00,2.00
Anthony Castro,DET,26,1,0,0,0,1.0,1,2,1,1,1,0,0,0,0,0,18.00,2.00
Richard Lovelady,KC,26,1,0,0,0,1.0,1,1,0,1,1,0,0,0,0,0,9.00,2.00
Brad Wieck,CHC,30,1,0,0,0,1.0,1,2,2,1,1,0,0,0,0,0,18.00,2.00
Jesus Cruz,STL,26,1,0,0,0,1.0,3,2,2,1,0,0,0,0,0,0,18.00,4.00
Kyle Nelson,CLE,25,1,0,0,0,0.2,3,4,0,1,1,0,0,0,0,0,54.00,6.00
Brailyn Marquez,CHC,23,1,0,0,0,0.2,2,5,1,3,0,0,0,0,0,0,67.50,7.50
Roel Ramirez,STL,26,1,0,0,0,0.2,6,6,1,1,4,0,0,0,0,0,81.00,10.50
Jesse Biddle,CIN,30,1,0,0,0,0.2,1,0,1,1,0,0,0,0,0,0,0.00,3.00
Jorge Lopez,KC,29,1,0,0,0,0.2,3,2,0,0,0,0,0,0,0,0,27.00,4.50
Garrett Cleavinger,PHI,27,1,0,0,0,0.2,2,1,1,0,1,0,0,0,0,0,13.50,3.00
Patrick Weigel,ATL,27,1,0,0,0,0.2,2,2,0,3,0,0,0,0,0,0,27.00,7.50
Andrew Triggs,SF,32,1,0,0,0,0.1,0,3,0,3,0,0,1,0,0,0,81.00,9.00
Jeremy Beasley,ARI,26,1,0,0,0,0.1,2,0,1,0,0,0,0,0,0,0,0.00,6.00
Jordan Holloway,MIA,25,1,0,0,0,0.1,2,0,0,1,0,0,0,0,0,0,0.00,9.00
Edwar Colina,MIN,24,1,0,0,0,0.1,4,3,0,2,1,0,0,0,0,0,81.00,18.00
David McKay,DET,26,1,0,0,0,0.1,1,2,0,1,1,0,0,0,0,0,54.00,6.00