Rank,Player,Team,Positions,Best,Worst,Avg,Std Dev,ADP,vs. ADP,Notes
1,Trea Turner,LAD,"2B,SS",1,3,1.2,0.4,1,0,
2,Juan Soto,WSH,RF,1,6,2.7,1,2,0,
3,Jose Ramirez,CLE,3B,1,6,3.3,1,4,1,
4,Vladimir Guerrero Jr.,TOR,"1B,DH",1,8,4.2,1.2,3,-1,
5,Bo Bichette,TOR,SS,2,9,4.8,1.2,5,0,
6,Bryce Harper,PHI,RF,5,16,7.5,1.5,7,1,
7,Gerrit Cole,NYY,SP,2,21,8,2.8,6,-1,
8,Corbin Burnes,MIL,SP,3,16,10.1,2.5,8,0,
9,Kyle Tucker,HOU,RF,7,45,11.4,2.8,14,5,
10,Mookie Betts,LAD,"2B,CF,RF",6,19,11.6,3.3,12,2,
11,Mike Trout,LAA,CF,3,26,11.7,3.7,11,0,
12,Freddie Freeman,LAD,1B,8,25,14.1,3.7,13,1,
13,Rafael Devers,BOS,3B,10,23,15.5,2.7,16,3,
14,Ronald Acuna Jr.,ATL,RF,2,45,15.8,8.9,10,-4,
15,Max Scherzer,NYM,SP,9,31,16.7,3.7,17,2,
16,Luis Robert,CWS,CF,9,30,16.9,3.3,19,3,
17,Jacob deGrom,NYM,SP,6,44,17,6.7,20,3,
18,Walker Buehler,LAD,SP,9,61,18.4,5.1,15,-3,
19,Ozzie Albies,ATL,2B,9,26,18.4,3.5,21,2,
20,Brandon Woodruff,MIL,SP,12,26,19.6,3.1,18,-2,
21,Manny Machado,SD,3B,14,53,23.2,3.9,22,1,
22,Yordan Alvarez,HOU,"LF,DH",15,44,24,4.7,27,5,
23,Shohei Ohtani,LAA,"SP,DH",1,115,23.1,27.6,9,-14,
24,Starling Marte,NYM,CF,15,40,25.9,4.2,25,1,
25,Shane Bieber,CLE,SP,18,54,27.3,7.7,23,-2,
26,Aaron Judge,NYY,"CF,RF,DH",19,47,28.5,5.6,32,6,
27,Tim Anderson,CWS,SS,5,62,29.9,6,37,10,
28,Teoscar Hernandez,TOR,"LF,RF",15,43,30.6,4.6,35,7,
29,Matt Olson,ATL,1B,14,48,31.2,5.5,28,-1,
30,Xander Bogaerts,BOS,SS,7,43,31.6,5.3,38,8,
31,Trevor Story,BOS,SS,10,51,33.8,5.3,44,13,
32,Cedric Mullins II,BAL,CF,21,56,34,7.8,33,1,
33,Marcus Semien,TEX,"2B,SS",23,75,34.5,5.4,31,-2,
34,Julio Urias,LAD,SP,24,45,34.6,5.7,29,-5,
35,Whit Merrifield,KC,"2B,RF",23,62,35.2,6.5,34,-1,
36,Zack Wheeler,PHI,SP,20,114,35.9,15.6,26,-10,
37,Lucas Giolito,CWS,SP,23,65,41.3,7.3,41,4,
38,Salvador Perez,KC,"C,DH",11,123,41.5,9.3,30,-8,
39,Francisco Lindor,NYM,SS,26,87,41.6,9.6,49,10,
40,Aaron Nola,PHI,SP,21,80,41.8,10.7,40,0,
41,Paul Goldschmidt,STL,1B,31,65,42.1,6.2,46,5,
42,Nick Castellanos,PHI,RF,28,121,46,8.8,50,8,
43,Pete Alonso,NYM,1B,33,81,46.7,10.2,47,4,
44,George Springer,TOR,"CF,DH",24,70,46.8,9.1,56,12,
45,Sandy Alcantara,MIA,SP,26,78,47.4,11.2,39,-6,
46,Austin Riley,ATL,"1B,3B",23,78,48.1,11.1,45,-1,
47,Josh Hader,MIL,RP,20,65,48.2,9.1,36,-11,
48,Liam Hendriks,CWS,RP,24,77,48.6,10.1,43,-5,
49,Byron Buxton,MIN,CF,9,82,48.9,13.1,54,5,
50,Robbie Ray,SEA,SP,19,99,49.6,14.7,42,-8,
51,Wander Franco,TB,"3B,SS",23,83,49.8,10.9,48,-3,
52,Jose Altuve,HOU,2B,37,94,55.1,9.5,59,7,
53,Randy Arozarena,TB,"LF,RF",32,91,55.4,12.1,63,10,
54,Tyler O'Neill,STL,LF,30,95,55.7,12.9,60,6,
55,Freddy Peralta,MIL,SP,27,105,55.9,10.2,51,-4,
56,Eloy Jimenez,CWS,LF,34,103,57.2,14.3,57,1,
57,Lance Lynn,CWS,SP,40,110,58.9,11.4,55,-2,
58,Corey Seager,TEX,SS,22,92,61.2,12.7,65,7,
59,Nolan Arenado,STL,3B,36,91,61.5,9.4,52,-7,
60,Jose Abreu,CWS,1B,37,96,61.5,8.7,64,4,
61,J.D. Martinez,BOS,"LF,RF,DH",25,84,64.2,8.7,82,21,
62,Javier Baez,DET,"2B,SS",40,148,65.6,10,69,7,
63,Kevin Gausman,TOR,SP,45,105,65.7,13.2,53,-10,
64,Brandon Lowe,TB,"2B,LF,RF",41,104,66.8,10.9,71,7,
65,Max Fried,ATL,SP,37,111,68,11,66,1,
66,Kris Bryant,COL,"1B,3B,LF,CF,RF",42,279,68.3,21.4,67,1,
67,Ketel Marte,ARI,"2B,CF",36,111,68.9,13.8,77,10,
68,Adalberto Mondesi,KC,"3B,SS",39,130,70.4,14.9,70,2,
69,Jose Berrios,TOR,SP,46,107,70.9,12.8,68,-1,
70,Carlos Correa,MIN,SS,45,196,72.7,15,85,15,
71,Joe Musgrove,SD,SP,52,130,72.8,12.6,76,5,
72,Alex Bregman,HOU,3B,27,141,73.4,18.6,73,1,
73,Jorge Polanco,MIN,"2B,SS",32,140,73.4,13.6,79,6,
74,Giancarlo Stanton,NYY,"LF,RF,DH",52,99,73.5,9.2,95,21,
75,Logan Webb,SF,SP,51,118,74.2,12.9,61,-14,
76,Charlie Morton,ATL,SP,46,113,75.8,13.9,74,-2,
77,Frankie Montas,OAK,SP,53,101,76.5,6.3,80,3,
78,Bryan Reynolds,PIT,"LF,CF",50,113,77.6,12.7,88,10,
79,Christian Yelich,MIL,LF,54,137,78.2,12.1,94,15,
80,Raisel Iglesias,LAA,RP,35,189,78.6,16.4,72,-8,
81,Jonathan India,CIN,2B,63,129,82.8,9.3,91,10,
82,J.T. Realmuto,PHI,"C,1B",33,132,84.7,22.1,58,-24,
83,Will Smith,LAD,C,44,119,88.4,18.7,62,-21,
84,Yu Darvish,SD,SP,70,131,89.9,10.4,90,6,
85,Luis Castillo,CIN,SP,58,172,90.5,23.4,81,-4,
86,Edwin Diaz,NYM,RP,47,209,90.9,18.1,89,3,
87,Trevor Rogers,MIA,SP,52,144,91.3,16.1,98,11,
88,Jazz Chisholm Jr.,MIA,"2B,SS",50,182,93.4,21.1,87,-1,
89,Dylan Cease,CWS,SP,55,149,94.1,17.8,84,-5,
90,Mitch Haniger,SEA,"RF,DH",68,131,94.1,8.8,101,11,
91,Jesse Winker,SEA,LF,57,140,94.9,11.9,104,13,
92,Franmil Reyes,CLE,"RF,DH",63,126,95,13.8,115,23,
93,Justin Verlander,HOU,SP,56,151,95.2,14.3,103,10,
94,Cody Bellinger,LAD,CF,64,205,95.4,18.5,92,-2,
95,Emmanuel Clase,CLE,RP,48,167,95.8,21.1,75,-20,
96,Carlos Rodon,SF,SP,69,298,96.5,14.5,96,0,
97,Ryan Pressly,HOU,RP,55,190,96.8,22.7,78,-19,
98,Alek Manoah,TOR,SP,73,144,96.9,13.1,93,-5,
99,Anthony Rendon,LAA,3B,62,155,97.2,14.8,102,3,
100,Fernando Tatis Jr.,SD,"SS,CF,RF",26,199,100.6,24.7,24,-76,
101,Shane McClanahan,TB,SP,84,169,102.8,11.1,108,7,
102,Aroldis Chapman,NYY,RP,53,186,106,18.9,86,-16,
103,Jared Walsh,LAA,"1B,RF",48,163,107,18,109,6,
104,Kyle Schwarber,PHI,"1B,LF",66,294,107.7,20.3,111,7,
105,Nelson Cruz,WSH,DH,76,190,108.1,23.2,149,44,
106,Tommy Edman,STL,"2B,RF",74,164,109.4,19.5,110,4,
107,C.J. Cron,COL,1B,83,143,111,13.2,136,29,
108,Rhys Hoskins,PHI,1B,73,178,112.1,13.8,129,21,
109,Ryan Mountcastle,BAL,"1B,LF,DH",70,164,112.2,19.8,116,7,
110,Max Muncy,LAD,"1B,2B",63,212,114.2,23.3,107,-3,
111,Blake Snell,SD,SP,69,204,114.9,18.9,112,1,
112,Dansby Swanson,ATL,SS,68,150,115.4,13.9,120,8,
113,Austin Meadows,TB,"LF,DH",76,161,117.2,15.1,119,6,
114,Bobby Witt Jr.,KC,SS ,78,174,118,22.8,105,-9,
115,Jake Cronenworth,SD,"1B,2B,SS",85,157,118.5,13.6,121,6,
116,Josh Bell,WSH,"1B,LF",81,159,118.8,13.4,125,9,
117,Joey Votto,CIN,1B,87,167,119.3,13.6,127,10,
118,Chris Bassitt,NYM,SP,96,181,122.6,14.9,118,0,
119,Clayton Kershaw,LAD,SP,77,190,126,17.9,114,-5,
120,Pablo Lopez,MIA,SP,85,249,126.1,21.4,128,8,
121,Kenley Jansen,ATL,RP,77,219,128.4,31.1,100,-21,
122,Willy Adames,MIL,SS,101,178,128.7,15.3,134,12,
123,Trent Grisham,SD,CF,99,186,128.8,17,137,14,
124,DJ LeMahieu,NYY,"1B,2B,3B",79,201,129.5,25.9,117,-7,
125,Eduardo Rodriguez,DET,SP,107,177,129.5,13.7,151,26,
126,Framber Valdez,HOU,SP,86,175,130.1,17.3,124,-2,
127,Sean Manaea,OAK,SP,88,205,131.9,25.3,135,8,
128,Justin Turner,LAD,3B,92,273,133.6,17.7,141,13,
129,Tyler Mahle,CIN,SP,107,254,134.7,25.4,123,-6,
130,Nathan Eovaldi,BOS,SP,65,204,134.9,20.9,133,3,
131,Lourdes Gurriel Jr.,TOR,"1B,LF",100,223,136.7,15.7,138,7,
132,Jordan Romano,TOR,RP,81,248,137.2,31.4,106,-26,
133,Yoan Moncada,CWS,3B,65,224,139,22.1,147,14,
134,Chris Taylor,LAD,"2B,3B,SS,LF,CF,RF",103,246,139.8,13.3,132,-2,
135,Joey Gallo,NYY,"LF,RF",103,217,139.9,20.5,148,13,
136,Zac Gallen,ARI,SP,90,236,140.8,27.3,144,8,
137,Ian Anderson,ATL,SP,93,248,141,26.3,139,2,
138,Giovanny Gallegos,STL,RP,82,206,142.9,22.5,113,-25,
139,Anthony Rizzo,NYY,1B,100,263,146.2,18.8,167,28,
140,Jarred Kelenic,SEA,"LF,CF",97,250,146.4,25.5,143,3,
141,Avisail Garcia,MIA,RF,117,212,146.8,20.4,176,35,
142,Chris Sale,BOS,SP,52,313,137.7,51.4,83,-59,
143,Hunter Renfroe,MIL,"CF,RF",115,193,147.6,14.9,154,11,
144,Sonny Gray,MIN,SP,77,211,148.5,28,153,9,
145,Alex Verdugo,BOS,"LF,CF,RF",108,198,150.6,17.7,161,16,
146,Jack Flaherty,STL,SP,51,330,151.4,56.3,97,-49,
147,Willson Contreras,CHC,C,96,218,152.3,22.1,122,-25,
148,Ke'Bryan Hayes,PIT,3B,79,231,154.1,27.2,165,17,
149,Michael Conforto,,RF ,51,234,154.6,23.4,173,24,
150,Trey Mancini,BAL,"1B,DH",118,212,155.4,18.9,188,38,
151,Jorge Soler,MIA,"RF,DH",83,194,155.8,20.2,175,24,
152,Dylan Carlson,STL,"LF,CF,RF",111,205,157,16.9,160,8,
153,Matt Chapman,TOR,3B,71,182,157.7,17.9,142,-11,
154,Mike Clevinger,SD,SP,101,242,159.4,24.6,158,4,
155,Josh Donaldson,NYY,"3B,DH",104,204,159.8,22.8,182,27,
156,Ryan McMahon,COL,"2B,3B",125,231,160.8,19.2,168,12,
157,Adolis Garcia,TEX,"LF,CF,RF",100,206,161,17.7,163,6,
158,Ty France,SEA,"1B,2B,3B,DH",97,276,162.1,19.3,152,-6,
159,Yasmani Grandal,CWS,"C,1B",80,268,164.2,38.6,99,-60,
160,Blake Treinen,LAD,RP,71,266,167.5,45.1,131,-29,
161,Daulton Varsho,ARI,"C,LF,CF,RF",72,256,168.5,40,126,-35,
162,Michael Kopech,CWS,"SP,RP",117,243,168.9,29.1,174,12,
163,Gleyber Torres,NYY,"2B,SS",91,262,169,31.6,166,3,
164,Logan Gilbert,SEA,SP,113,220,169.4,23.8,172,8,
165,Shane Baz,TB,SP,82,260,172.2,35.2,140,-25,
166,Eddie Rosario,ATL,LF,116,233,173.2,24.8,190,24,
167,Robbie Grossman,DET,"LF,RF",119,255,173.8,24.6,178,11,
168,Marcus Stroman,CHC,SP,143,239,174.2,20.8,159,-9,
169,Yuli Gurriel,HOU,1B,97,284,176.2,16.7,193,24,
170,Alex Kirilloff,MIN,"1B,LF,RF",122,250,180,21.6,186,16,
171,Andrew Benintendi,KC,LF,123,270,180.6,25.1,194,23,
172,Mark Melancon,ARI,RP,141,301,182.8,21.8,145,-27,
173,Austin Hays,BAL,"LF,RF",140,281,185.7,29.3,230,57,
174,Ian Happ,CHC,"LF,CF,RF",142,230,186.6,19.6,216,42,
175,Jean Segura,PHI,2B,133,280,187.2,26.9,211,36,
176,John Means,BAL,SP,123,284,187.7,23.5,199,23,
177,Brandon Belt,SF,1B,125,254,188.5,32.3,217,40,
178,Michael Brantley,HOU,"LF,RF,DH",112,254,189.2,35.3,212,34,
179,Akil Baddoo,DET,"LF,CF",124,270,190.9,34.9,181,2,
180,Jose Urquidy,HOU,SP,137,283,190.9,22.3,207,27,
181,Adam Duvall,ATL,"LF,CF,RF",89,267,191.5,20.4,214,33,
182,Brandon Crawford,SF,SS,113,257,191.5,26.3,204,22,
183,Ramon Laureano,OAK,"CF,RF ",128,263,193.4,31.4,250,67,
184,Charlie Blackmon,COL,RF,147,231,194.7,19.5,215,31,
185,Patrick Sandoval,LAA,SP,136,280,194.8,29.2,202,17,
186,Luke Voit,SD,1B,114,418,195.4,42.6,236,50,
187,Luis Garcia,HOU,SP,99,251,169.7,41.1,434,247,
188,Frank Schwindel,CHC,1B,94,292,196.3,23.2,213,25,
189,Tarik Skubal,DET,SP,131,283,198.4,29.9,179,-10,
190,Camilo Doval,SF,RP,113,289,200.6,30,169,-21,
191,Luis Severino,NYY,RP,131,267,200.7,33,155,-36,
192,Eugenio Suarez,SEA,"3B,SS",100,285,201.2,30.2,198,6,
193,Brendan Rodgers,COL,"2B,SS",86,259,185.3,33.8,177,-16,
194,AJ Pollock,LAD,"LF,CF",110,261,203.8,21.8,219,25,
195,Marcell Ozuna,ATL,LF,94,307,187.7,56.6,170,-25,
196,Kolten Wong,MIL,2B,157,283,204.7,28.7,197,1,
197,Luis Urias,MIL,"2B,3B,SS",123,269,205.4,27.7,196,-1,
198,Taylor Rogers,MIN,RP,119,281,205.6,29.3,187,-11,
199,Myles Straw,CLE,CF,121,287,180.7,40,171,-28,
200,Seiya Suzuki,CHC,"LF,RF",81,267,150.1,39,146,-54,
201,Ranger Suarez,PHI,"SP,RP",125,278,198.4,31,157,-44,
202,Adam Wainwright,STL,SP,138,285,206.7,32.6,150,-52,
203,Anthony DeSclafani,SF,SP,144,255,199.8,22.4,192,-11,
204,Jo Adell,LAA,"LF,RF",132,309,208.5,35.6,224,20,
205,Amed Rosario,CLE,"SS,CF",116,275,210.9,35.7,234,29,
206,Mark Canha,NYM,"LF,CF,RF",106,261,211,25,222,16,
207,Nathaniel Lowe,TEX,1B,142,257,203.9,27.7,246,39,
208,Alex Wood,SF,SP,149,268,212.1,22.5,206,-2,
209,Jordan Montgomery,NYY,SP,141,277,207,30.8,201,-8,
210,German Marquez,COL,SP,131,383,216.2,42.9,231,21,
211,Corey Knebel,PHI,"SP,RP",138,280,209.2,37.5,184,-27,
212,Scott Barlow,KC,RP,135,289,211.8,33.6,156,-56,
213,Tommy Pham,CIN,"LF,CF",162,323,219.8,33.6,276,63,
214,Triston McKenzie,CLE,SP,133,315,222,30.7,220,6,
215,Jonathan Schoop,DET,"1B,2B",135,279,216,30,226,11,
216,Eduardo Escobar,NYM,"1B,2B,3B",170,297,217,24.4,200,-16,
217,Hyun Jin Ryu,TOR,SP,122,338,210.6,45.4,185,-32,
218,Harrison Bader,STL,CF,173,297,225.9,18.1,254,36,
219,Craig Kimbrel,CWS,RP,124,338,211,41.3,164,-55,
220,Noah Syndergaard,LAA,SP,153,342,226.3,32.8,191,-29,
221,Joe Ryan,MIN,SP,140,308,224.3,36.6,225,4,
222,Miguel Sano,MIN,1B,160,298,232,30.3,281,59,
223,Jesus Aguilar,MIA,1B,160,286,225,33,306,83,
224,Andrew Vaughn,CWS,"1B,LF,RF",148,304,219.8,35.2,232,8,
225,Aaron Civale,CLE,SP,158,334,234.3,37.8,203,-22,
226,Kike Hernandez,BOS,"2B,CF",131,390,236.9,40.1,238,12,
227,Raimel Tapia,TOR,LF,156,410,230.9,50.1,272,45,
228,Lance McCullers Jr.,HOU,SP,98,309,209.4,59,180,-48,
229,Mike Yastrzemski,SF,"CF,RF",150,288,240.1,26.6,255,26,
230,David Bednar,PIT,RP,115,284,227,38.2,233,3,
231,Wil Myers,SD,"LF,RF",175,310,241.1,29.9,288,57,
232,Anthony Santander,BAL,"RF,DH",173,284,229.1,23,267,35,
233,Gregory Soto,DET,RP,172,305,237.3,30.1,209,-24,
234,Bobby Dalbec,BOS,"1B,3B",163,312,231.3,28.2,249,15,
235,Huascar Ynoa,ATL,SP,185,349,240.5,33.7,269,34,
236,Max Kepler,MIN,"CF,RF",156,317,242.3,26,312,76,
237,Tanner Houck,BOS,"SP,RP",155,336,230.5,39.7,221,-16,
238,Will Smith,ATL,RP,75,319,224.9,66.4,130,-108,
239,Kyle Hendricks,CHC,SP,141,422,234.7,49.5,241,2,
240,Keibert Ruiz,WSH,C,163,328,235.3,37.5,162,-78,
241,Alec Bohm,PHI,3B,146,404,250.3,43.4,298,57,
242,Jon Gray,TEX,SP,164,384,246.5,40.2,252,10,
243,Jeimer Candelario,DET,3B,184,350,243.2,35.6,237,-6,
244,Yusei Kikuchi,TOR,SP,197,366,251.6,33.6,311,67,
245,Matt Barnes,BOS,RP,144,340,252.5,35.6,244,-1,
246,Stephen Strasburg,WSH,SP,173,333,255.9,26.5,261,15,
247,Steven Matz,STL,SP,166,300,250.4,25.3,243,-4,
248,Casey Mize,DET,SP,151,335,244.1,45,256,8,
249,Oneil Cruz,PIT,SS,150,335,237.1,53.3,240,-9,
250,Mitch Garver,TEX,C,128,305,238,45.4,195,-55,
251,Brandon Nimmo,NYM,"LF,CF",186,422,266.2,43.2,277,26,
252,Josh Rojas,ARI,"2B,3B,SS,LF,RF",199,309,254.6,24.3,263,11,
253,Zack Greinke,KC,SP,175,329,255.1,34.1,247,-6,
254,Tyler Stephenson,CIN,"C,1B",134,380,241.8,51.1,183,-71,
255,Jesus Sanchez,MIA,"LF,RF",179,323,252,35.8,270,15,
256,Kyle Lewis,SEA,CF,161,362,260.1,41,313,57,
257,Gio Urshela,MIN,"3B,SS",199,361,261.4,28.5,286,29,
258,Zach Plesac,CLE,SP,157,335,249,38.8,273,15,
259,Joe Barlow,TEX,RP,167,391,275.3,39.5,208,-51,
260,Garrett Whitlock,BOS,RP,176,346,257.6,33.6,242,-18,
261,Nicky Lopez,KC,SS,180,319,258.6,24.2,248,-13,
262,Paul Sewald,SEA,RP,171,314,265.5,25.6,282,20,
263,Alex Cobb,SF,SP,174,440,247.3,49,258,-5,
264,Andrew Kittredge,TB,"SP,RP",170,326,265.9,27.1,268,4,
265,Gavin Lux,LAD,"2B,SS,LF,CF",159,381,267,37.6,251,-14,
266,Travis d'Arnaud,ATL,C,178,383,268.1,34.4,245,-21,
267,Cal Quantrill,CLE,"SP,RP",179,336,261.5,41.9,229,-38,
268,Lucas Sims,CIN,RP,197,329,268.9,29.5,257,-11,
269,Jeff McNeil,NYM,"2B,LF",191,331,270,30,278,9,
270,Andrew McCutchen,MIL,LF,173,326,270.2,24.9,310,40,
271,Jameson Taillon,NYY,SP,212,373,263.9,29.3,294,23,
272,Spencer Torkelson,DET,"1B,3B ",159,328,264.3,37.6,223,-49,
273,Carlos Carrasco,NYM,SP,119,336,257.8,37.3,264,-9,
274,Dylan Floro,MIA,RP,189,329,266.6,30.2,239,-35,
275,Isiah Kiner-Falefa,NYY,SS,177,398,268.4,37.7,289,14,
276,Lou Trivino,OAK,RP,180,332,262.7,38.1,227,-49,
277,Tony Gonsolin,LAD,SP,202,395,276.4,44.9,275,-2,
278,Josiah Gray,WSH,SP,162,489,287.3,53.6,309,31,
279,Cristian Javier,HOU,"SP,RP",185,353,275.4,35.1,279,0,
280,Devin Williams,MIL,RP,202,339,262.2,26.5,265,-15,
281,Eric Hosmer,SD,1B,212,457,278.1,49.7,348,67,
282,Bailey Ober,MIN,SP,212,367,264.8,36.3,304,22,
283,Randal Grichuk,COL,"CF,RF",138,346,280.1,29.5,321,38,
284,Adam Frazier,SEA,"2B,LF",216,325,274.2,22.4,318,34,
285,Rowdy Tellez,MIL,1B,163,366,281,35.5,378,93,
286,Taijuan Walker,NYM,SP,180,392,275.6,47.5,352,66,
287,Evan Longoria,SF,3B,196,393,289,46.8,356,69,
288,Christian Vazquez,BOS,C,188,382,272.9,28.6,228,-60,
289,Nick Madrigal,CHC,2B,223,354,287.5,23.1,302,13,
290,Chris Paddack,SD,SP,200,387,276.3,40.2,342,52,
291,Patrick Wisdom,CHC,"1B,3B,LF",230,357,285.4,32.7,287,-4,
292,Garrett Hampson,COL,"2B,CF",224,342,286.5,32.2,307,15,
293,Trevor Bauer,LAD,SP,114,323,233.1,62.8,189,-104,
294,Corey Kluber,TB,SP,223,360,290,26.9,297,3,
295,Cavan Biggio,TOR,"3B,RF",207,404,285.5,47.4,284,-11,
296,Brady Singer,KC,SP,207,413,293.7,52.5,367,71,
297,Lane Thomas,WSH,"LF,CF,RF",206,336,284.7,34.5,371,74,
298,Aaron Ashby,MIL,"SP,RP",178,342,260.5,45.6,285,-13,
299,Sean Murphy,OAK,C,183,419,290.3,35.3,260,-39,
300,Andrew Heaney,LAD,"SP,RP",242,334,282.5,26,290,-10,
301,Joc Pederson,SF,"LF,CF,RF",231,423,308.2,46.2,362,61,
302,Gary Sanchez,MIN,C,201,373,286.9,39.8,218,-84,
303,Jonathan Villar,CHC,"2B,3B,SS",194,341,278.8,35.4,295,-8,
304,Connor Joe,COL,"1B,LF",221,381,308.6,36.8,338,34,
305,Omar Narvaez,MIL,C,254,436,305.8,38.8,274,-31,
306,Rafael Ortega,CHC,"LF,CF,RF",221,362,287.8,37.7,324,18,
307,Zach Eflin,PHI,SP,205,377,297.8,39.1,407,100,
308,Nick Solak,TEX,2B,198,455,306,52.2,437,129,
309,Dane Dunning,TEX,SP,242,414,301.4,43.2,409,100,
310,Luis Patino,TB,SP,195,494,296.5,60,320,10,
311,Drew Rasmussen,TB,"SP,RP",188,396,294.9,35.3,283,-28,
312,Didi Gregorius,PHI,SS,253,398,311.3,39.1,363,51,
313,Adley Rutschman,BAL,C ,211,413,303.8,38.9,205,-108,
314,Dominic Smith,NYM,"1B,LF",110,379,312.6,41.8,344,30,
315,David Peralta,ARI,LF,245,406,305.7,39.6,372,57,
316,Alex Colome,COL,RP,182,533,326.4,60.3,299,-17,
317,Carson Kelly,ARI,C,227,466,302.4,49.4,300,-17,
318,Alejandro Kirk,TOR,C,210,521,321.6,82.4,301,-17,
319,Cesar Hernandez,WSH,2B,199,391,289.6,39.8,388,69,
320,Elias Diaz,COL,C,223,458,299.8,54.9,259,-61,
321,Jake McGee,SF,RP,244,351,300.2,28.5,210,-111,
322,Mike Zunino,TB,C,214,445,305,48.5,235,-87,
323,Tyler Naquin,CIN,"LF,CF,RF",230,353,295.7,36.1,394,71,
324,Nestor Cortes Jr.,NYY,"SP,RP",233,414,314.5,47.9,319,-5,
325,Marco Gonzales,SEA,SP,231,402,297.6,39.6,271,-54,
326,Rowan Wick,CHC,RP,213,364,302.8,32.8,317,-9,
327,Elieser Hernandez,MIA,SP,232,390,303.4,37.6,325,-2,
328,Tylor Megill,NYM,SP,234,512,316.7,56.4,383,55,
329,Kyle Gibson,PHI,SP,193,496,316.2,57.7,308,-21,
330,LaMonte Wade Jr.,SF,"1B,LF,RF",213,393,309.3,41.4,377,47,
331,J.P. Crawford,SEA,SS,234,335,299.7,28.5,292,-39,
332,Jesus Luzardo,MIA,"SP,RP",225,561,316.4,73.7,296,-36,
333,Joey Wendle,MIA,"2B,3B,SS",206,441,318.7,49.8,385,52,
334,David Fletcher,LAA,"2B,SS",232,597,320.9,75.8,291,-43,
335,Bobby Bradley,CLE,1B,220,488,315.6,58.5,445,110,
336,Manuel Margot,TB,"LF,CF,RF",247,381,315.8,32.9,403,67,
337,Mike Moustakas,CIN,"1B,3B",163,392,317.9,42.4,336,-1,
338,Pierce Johnson,SD,RP,247,389,312.5,37.1,368,30,
339,Christian Walker,ARI,1B,222,385,316.5,41.9,416,77,
340,Andres Gimenez,CLE,"2B,SS",241,392,306.5,33.9,370,30,
341,Paul DeJong,STL,SS,227,460,327.5,53,406,65,
342,Diego Castillo,SEA,RP,177,412,321.1,38.8,382,40,
343,Julio Rodriguez,SEA,RF,178,609,343.7,101.4,253,-90,
344,Eric Lauer,MIL,SP,225,571,332.4,77.6,314,-30,
345,Pavin Smith,ARI,"1B,LF,CF,RF",252,421,327.1,40.3,384,39,
346,Nick Senzel,CIN,"2B,CF",186,487,333,59.9,366,20,
347,Alex Reyes,STL,RP,230,563,330.1,74.2,315,-32,
348,Miguel Rojas,MIA,SS,237,360,313.8,31.7,430,82,
349,Kyle Finnegan,WSH,RP,204,437,315.8,61.8,337,-12,
350,Ken Giles,SEA,RP,229,401,330.2,46.7,339,-11,
351,Luis Arraez,MIN,"2B,3B,LF",242,364,311.8,29.3,262,-89,
352,Carlos Santana,KC,1B,225,418,312.8,53.2,345,-7,
353,James Kaprielian,OAK,SP,239,551,343,71.6,349,-4,
354,Max Stassi,LAA,C,222,536,343.7,67,329,-25,
355,Dinelson Lamet,SD,"SP,RP",206,421,334.7,51.2,333,-22,
356,Patrick Corbin,WSH,SP,264,553,351.4,70,322,-34,
357,Abraham Toro,SEA,"2B,3B",251,525,343.2,76.7,417,60,
358,Jonathan Loaisiga,NYY,RP,251,360,331.9,22.3,331,-27,
359,Willie Calhoun,TEX,"LF,DH",224,465,333.6,51.7,440,81,
360,Michael Pineda,DET,SP,256,557,350.3,67.1,341,-19,
361,Chris Flexen,SEA,SP,171,567,345.3,71.2,280,-81,
362,Yadier Molina,STL,C,227,473,338.6,49.8,266,-96,
363,Madison Bumgarner,ARI,SP,240,764,374.1,127.2,364,1,
364,Drew Steckenrider,SEA,RP,226,397,348,31.5,326,-38,
365,Chad Green,NYY,RP,221,449,330.6,53.2,293,-72,
366,Lorenzo Cain,MIL,CF,250,558,352.6,72.7,357,-9,
367,Jarren Duran,BOS,CF,270,540,355.6,79.7,387,20,
368,Michael Fulmer,DET,"SP,RP",287,432,350.5,33.6,376,8,
369,Mike Minor,CIN,SP,200,488,356.1,63,410,41,
370,James Karinchak,CLE,RP,199,365,330.3,23,334,-36,
371,Nick Pivetta,BOS,SP,270,472,355.5,63.8,316,-55,
372,Eric Haase,DET,"C,LF",233,541,370.2,78.3,328,-44,
373,James McCann,NYM,"C,1B",228,508,363.3,76.8,340,-33,
374,Vidal Brujan,TB,"2B,RF",263,612,382.3,83.2,332,-42,
375,Anthony Bender,MIA,RP,291,397,348.4,25.5,358,-17,
376,Joey Bart,SF,C,223,538,372.8,77.8,303,-73,
377,Yandy Diaz,TB,"1B,3B",253,469,359.6,47.6,428,51,
378,Adbert Alzolay,CHC,"SP,RP ",279,610,390.2,101.9,374,-4,
379,Riley Greene,DET,CF ,280,476,357.8,68.5,305,-74,
380,Hector Neris,HOU,RP,156,471,359.4,49.4,421,41,
381,Victor Robles,WSH,CF,256,462,358.5,58.7,439,58,
382,Shohei Ohtani,LAA,DH,13,117,65,52,,382,
383,Hunter Dozier,KC,"1B,3B,LF,RF",299,427,371.9,25.3,355,-28,
384,Domingo German,NYY,SP ,282,539,388.1,91.8,393,9,
385,Robinson Cano,NYM,2B,241,669,400.4,140.9,373,-12,
386,Pete Fairbanks,TB,RP,288,433,345,46.4,420,34,
387,Brian Anderson,MIA,3B,284,472,363.3,63.4,401,14,
388,Brandon Marsh,LAA,CF,287,399,362,23.1,389,1,
389,Josh Harrison,CWS,"2B,3B,SS,LF",266,606,394.5,89.7,335,-54,
390,Riley Green,HS,OF ,171,365,247.3,84.4,,390,
391,Cole Sulser,BAL,RP,314,376,356.8,20.2,353,-38,
392,Jose Miranda,MIN,3B,295,549,405.4,79,396,4,
393,Ha-Seong Kim,SD,"2B,3B,SS",226,446,374.9,35.5,399,6,
394,Wilmer Flores,SF,"1B,2B,3B",301,588,401.9,77.4,354,-40,
395,Yoshi Tsutsugo,PIT,"1B,LF,RF",262,535,399.4,70.8,495,100,
396,Harold Ramirez,CHC,"LF,CF,RF",278,537,385.8,97,,396,
397,Garrett Cooper,MIA,"1B,RF",343,436,379.1,29.9,541,144,
398,Kole Calhoun,TEX,RF,307,438,380.3,34.7,441,43,
399,Reid Detmers,LAA,SP,231,483,384.1,69,436,37,
400,Kenta Maeda,MIN,SP ,184,594,400,174.3,793,393,
401,Nico Hoerner,CHC,"2B,SS",312,514,389.7,59.4,398,-3,
402,Dylan Bundy,MIN,SP,289,578,376.2,102.7,379,-23,
403,Kyle Isbel,KC,"CF,RF",276,618,407.1,100.2,559,156,
404,Brad Hand,PHI,RP,184,507,395.1,86.8,347,-57,
405,Richard Rodriguez,,RP ,232,651,428.2,150.2,575,170,
406,Clint Frazier,CHC,"LF,RF",271,654,418.9,111.2,450,44,
407,Dustin May,LAD,SP ,179,592,421.7,149.2,346,-61,
408,Jose Iglesias,COL,"2B,SS",260,542,394.8,68,631,223,
409,Wade Miley,CHC,SP,282,587,419.1,75.7,392,-17,
410,Collin McHugh,ATL,"SP,RP",313,605,412.5,106.1,369,-41,
411,Tyler Rogers,SF,RP,277,525,395.7,78.9,323,-88,
412,Tyler Wells,BAL,RP,278,454,384.3,44.8,474,62,
413,Austin Nola,SD,C,319,416,385,24.2,343,-70,
414,Luis Gil,NYY,SP,281,546,397.4,103.9,422,8,
415,Gavin Sheets,CWS,"1B,RF,DH",242,407,372.4,31.7,412,-3,
416,Merrill Kelly,ARI,SP,210,620,414,102.7,414,-2,
417,Josh Lowe,TB,"LF,RF",294,1200,503.9,253.7,506,89,
418,Jake Fraley,CIN,"LF,CF,RF",287,477,377.8,61.6,609,191,
419,Kyle Farmer,CIN,"3B,SS",295,441,398,35.9,408,-11,
420,Bradley Zimmer,CLE,"CF,RF",310,565,415.3,74.7,538,118,
421,Sam Hilliard,COL,"LF,CF,RF",278,589,412.7,80.4,510,89,
422,Nate Pearson,TOR,RP,287,505,399.5,56.7,361,-61,
423,Jurickson Profar,SD,"1B,2B,LF,CF,RF",343,470,393.7,48.4,555,132,
424,Tony Kemp,OAK,"2B,LF",322,502,400,53,514,90,
425,Tyler Glasnow,TB,SP ,162,704,470.8,159.2,380,-45,
426,Seth Brown,OAK,"LF,RF",199,447,381.6,50.9,457,31,
427,Matt Brash,SEA,"SP,RP",262,662,414.3,161.3,623,196,
428,Danny Jansen,TOR,C,344,545,413.5,68.1,386,-42,
429,Adrian Houser,MIL,SP,315,617,433.1,85.7,431,2,
430,Keston Hiura,MIL,1B,267,800,463.4,154.1,435,5,
431,Trevor Rosenthal,,RP ,190,524,404.4,116.5,469,38,
432,Michael A. Taylor,KC,CF,298,462,374.5,64.7,529,97,
433,Carlos Estevez,COL,RP,293,615,443.2,123.3,418,-15,
434,Edward Cabrera,MIA,SP,286,449,391.8,60.6,447,13,
435,Tanner Rainey,WSH,RP,287,499,421.9,51.6,438,3,
436,Carlos Hernandez,KC,"SP,RP",356,516,425.9,58.7,397,-39,
437,Yan Gomes,CHC,C,335,609,436,90.9,395,-42,
438,Odubel Herrera,PHI,"LF,CF",344,598,425.2,91.3,504,66,
439,Aaron Hicks,NYY,CF,331,451,397.2,42.2,449,10,
440,Tyler Anderson,LAD,SP,273,686,479,135.7,484,44,
441,Robert Suarez,SD,RP,269,539,414.8,87.7,350,-91,
442,Zach Thompson,PIT,"SP,RP",279,776,492.7,162.1,482,40,
443,Art Warren,CIN,RP,218,551,436.8,107.5,463,20,
444,Trevor May,NYM,RP,341,596,427.6,87.9,607,163,
445,Sixto Sanchez,MIA,SP ,290,598,454.8,103.4,381,-64,
446,Michael Chavis,PIT,"1B,2B",348,564,423.4,79,587,141,
447,Josh Lindblom,MIL,RP ,253,391,322,69,,447,
448,Anthony Alford,PIT,"LF,CF",301,473,393.5,63.5,588,140,
449,Garrett Crochet,CWS,RP,369,478,415.8,38.6,475,26,
450,Jake Odorizzi,HOU,SP,346,465,405.8,40.8,462,12,
451,Aaron Bummer,CWS,RP,306,633,435.5,120.9,663,212,
452,Jeremy Pena,HOU,SS,222,553,443.7,86.8,451,-1,
453,Austin Gomber,COL,SP,333,718,458,137.5,552,99,
454,Danny Duffy,LAD,SP ,260,543,434.2,99,500,46,
455,Ben Gamel,PIT,"LF,CF,RF",370,573,429,74.3,676,221,
456,Brusdar Graterol,LAD,RP,356,627,440,95.9,473,17,
457,Roansy Contreras,PIT,SP,284,552,428.6,87.4,446,-11,
458,Luis Garcia,WSH,"2B,SS",361,486,420.7,32.3,548,90,
459,JT Brubaker,PIT,SP,328,500,416.6,61.3,531,72,
460,Reiver Sanmartin,CIN,SP,297,485,385,77.2,558,98,
461,Nick Lodolo,CIN,SP ,261,556,448,101.1,425,-36,
462,Darin Ruf,SF,"1B,LF",279,534,432.2,57.6,411,-51,
463,Luke Weaver,ARI,SP,296,559,440,91.4,520,57,
464,J.D. Davis,NYM,3B,220,818,486.3,169.9,455,-9,
465,Ryan Yarbrough,TB,"SP,RP",209,501,419.6,53.4,423,-42,
466,Tyrone Taylor,MIL,"LF,CF,RF",369,497,425.2,56.1,535,69,
467,John Gant,,"SP,RP ",228,675,451.5,223.5,,467,
468,Jorge Alcala,MIN,RP,338,460,402,43.3,544,76,
469,Mitch Keller,PIT,SP,270,1220,627,361,477,8,
470,Mike Soroka,ATL,SP ,246,558,428,113.3,365,-105,
471,Chas McCormick,HOU,"LF,CF,RF",333,604,460.8,114.9,530,59,
472,Rich Hill,BOS,SP,287,554,464,102,390,-82,
473,Bryan De La Cruz,MIA,"LF,CF,RF",383,547,449.5,66.1,528,55,
474,Zach Davies,ARI,SP,246,1304,722.3,438.3,585,111,
475,Nick Martinez,SD,"RP,SP",268,537,427.8,99.2,545,70,
476,Rougned Odor,BAL,"2B,3B",374,756,485.2,143.7,453,-23,
477,Brad Miller,TEX,"1B,2B,LF,RF",316,656,455.3,124.8,603,126,
478,Donovan Solano,CIN,2B,254,1142,653,323.2,766,288,
479,Luis Avilan,WSH,RP ,257,1105,681,424,,479,
480,Tucker Barnhart,DET,C,320,567,456.3,71.5,330,-150,
481,Joe Smith,MIN,RP,258,703,480.5,222.5,,481,
482,Zack Britton,NYY,RP ,259,970,614.5,355.5,,482,
483,Seth Lugo,NYM,RP,378,628,452,89.6,714,231,
484,Steven Souza Jr.,SEA,RF ,262,1518,890,628,,484,
485,Amir Garrett,KC,RP,291,684,486.8,130.6,511,26,
486,George Kirby,SEA,SP ,263,618,484,132.8,460,-26,
487,Eric Thames,OAK,"1B,RF ",264,1193,614.5,347.7,779,292,
488,Kyle Muller,ATL,SP ,264,754,543.3,205.8,502,14,
489,Brandon Workman,TEX,RP ,265,1095,680,415,,489,
490,Elvis Andrus,OAK,SS,378,748,476.8,138.6,487,-3,
491,Felix Pena,NYM,RP ,266,990,628,362,,491,
492,Erik Gonzalez,MIA,"1B,3B,SS ",267,1574,920.5,653.5,,492,
493,Ramon Urias,BAL,"2B,SS",333,550,440.8,54.2,536,43,
494,Nick Vincent,,RP ,268,937,602.5,334.5,,494,
495,Jake Lamb,LAD,"3B,LF,RF",270,1458,864,594,,495,
496,Colin Moran,CIN,1B,277,688,479.5,146.5,497,1,
497,Billy Hamilton,,"LF,CF ",271,1423,847,576,642,145,
498,Jose Barrero,CIN,"SS,CF",386,554,448.7,57.9,442,-56,
499,Luis Torrens,SEA,"C,1B,DH",274,564,469.8,102.6,391,-108,
500,Ian Kennedy,ARI,RP,388,607,454.8,74.3,327,-173,
501,Travis Shaw,BOS,"1B,3B ",276,1309,792.5,516.5,684,183,
502,MacKenzie Gore,SD,SP,276,660,492.3,160.5,501,-1,
503,Delino DeShields,,CF ,278,1465,871.5,593.5,708,205,
504,David Price,LAD,"SP,RP",314,502,427.3,71.5,433,-71,
505,Chad Pinder,OAK,"2B,LF,RF",373,576,467.3,74.5,618,113,
506,JaCoby Jones,KC,CF ,280,1584,932,652,,506,
507,Michael Taylor,,"LF,RF ",353,384,368.5,15.5,,507,
508,Adrian Sampson,CHC,"SP,RP ",281,876,578.5,297.5,,508,
509,Asher Wojciechowski,SEA,SP ,282,775,528.5,246.5,,509,
510,Jacob Stallings,MIA,C,415,430,422,5.3,427,-83,
511,Justin Dunn,CIN,SP,283,1108,625.5,301.4,633,122,
512,Josh Jung,TEX,3B ,307,1459,658.6,412.1,444,-68,
513,Shaun Anderson,TOR,RP ,285,1046,665.5,380.5,,513,
514,Billy McKinney,OAK,"1B,LF,RF ",288,1573,930.5,642.5,,514,
515,Nick Ahmed,ARI,SS,333,579,463.4,86.9,491,-24,
516,Chance Sisco,SEA,C ,289,1323,806,517,,516,
517,Pat Valaika,,"2B,SS ",290,1436,863,573,,517,
518,Griffin Canning,LAA,SP ,284,602,503,109.3,513,-5,
519,Justin Williams,PHI,"LF,RF ",291,1579,935,644,,519,
520,Magneuris Sierra,LAA,"LF,CF ",292,1484,888,596,,520,
521,Seth Beer,ARI,"1B,DH",316,714,493,130.6,573,52,
522,Austin Pruitt,OAK,RP ,293,858,575.5,282.5,,522,
523,Devin Smeltzer,MIN,RP ,295,860,577.5,282.5,875,352,
524,Nolan Gorman,STL,"2B,3B ",297,1187,620,299.5,452,-72,
525,Chase De Jong,PIT,SP ,297,728,512.5,215.5,,525,
526,Robert Gsellman,CHC,RP ,299,1154,726.5,427.5,,526,
527,Hunter Greene,CIN,SP,355,467,420.3,42.9,360,-167,
528,Miles Mikolas,STL,SP,362,479,423.5,45.5,443,-85,
529,Daniel Hudson,LAD,RP,346,497,419.3,61.7,492,-37,
530,Josh Staumont,KC,RP,399,527,449.2,46.8,415,-115,
531,Kevin Kiermaier,TB,CF,377,591,474.4,81.8,624,93,
532,Edmundo Sosa,STL,"2B,SS",358,513,447.4,55.1,532,0,
533,Jose Suarez,LAA,"SP,RP",375,689,480.3,122.5,543,10,
534,Leury Garcia,CWS,"2B,3B,SS,LF,CF,RF",343,493,441.2,52.9,456,-78,
535,Cole Irvin,OAK,SP,406,530,452.2,51.5,426,-109,
536,Daniel Lynch,KC,SP,362,878,552.3,231.4,470,-66,
537,Dakota Hudson,STL,"P,SP",305,521,455.7,49.8,351,-186,
538,Brent Suter,MIL,RP,370,602,467.4,77.8,710,172,
539,Kendall Graveman,CWS,RP,365,502,457.6,50.7,405,-134,
540,Ryan Jeffers,MIN,C,386,459,433,24.7,467,-73,
541,Justin Upton,LAA,LF,375,574,466.7,62.6,494,-47,
542,Emilio Pagan,SD,RP,407,474,431.8,27.7,471,-71,
543,Dylan Moore,SEA,"2B,3B,LF,RF",375,1227,572.2,294.7,402,-141,
544,Carter Kieboom,WSH,3B ,368,540,449,61.7,551,7,
545,Juan Yepez,STL,"1B,3B",389,1246,625.5,358.7,567,22,
546,Max Meyer,MIA,SP ,343,593,481.3,103.8,550,4,
547,Miguel Cabrera,DET,"1B,DH",320,470,439.4,37.3,400,-147,
548,Kris Bubic,KC,"SP,RP",369,638,497.6,92.2,404,-144,
549,Jordan Hicks,STL,RP,348,575,480.5,86,466,-83,
550,Matt Wisler,TB,RP,384,464,425.7,32.7,829,279,
551,Yadiel Hernandez,WSH,"LF,RF",270,602,495.6,76,630,79,
552,Brent Rooker,MIN,"LF,RF",361,1255,701.5,342.5,753,201,
553,Craig Stammen,SD,"SP,RP",385,699,499.8,120,783,230,
554,Austin Slater,SF,"LF,CF,RF",403,508,461.6,41.7,468,-86,
555,Ji-Man Choi,TB,1B,383,601,489.6,73.7,486,-69,
556,Drew Waters,ATL,"LF,CF ",378,1461,919.5,541.5,808,252,
557,Josh Naylor,CLE,"1B,RF",379,623,529.5,94.5,617,60,
558,Andy Ibanez,TEX,"1B,2B,3B",379,551,493,80.6,605,47,
559,Yimi Garcia,TOR,RP,414,654,500.6,86.5,688,129,
560,Tyler Matzek,ATL,RP,415,566,476,56.8,413,-147,
561,A.J. Puk,OAK,RP,426,506,456.2,30.9,581,20,
562,Jorge Alfaro,SD,"C,LF",373,541,476,48.3,454,-108,
563,Andrew Chafin,DET,RP,386,588,476.7,83.8,464,-99,
564,Jose Quintana,PIT,"SP,RP",388,1055,622.3,256.3,614,50,
565,Matthew Boyd,SF,SP,420,514,460.5,38.9,522,-43,
566,Adam Engel,CWS,"CF,RF",393,702,537.5,91.3,717,151,
567,Michael Wacha,BOS,"SP,RP",395,865,591,199.6,547,-20,
568,Aristides Aquino,CIN,"LF,CF,RF",403,647,511.8,84.1,694,126,
569,Jose Alvarado,PHI,RP,324,553,483.4,56.6,660,91,
570,Francisco Mejia,TB,C,397,563,482.6,52.6,459,-111,
571,Bryson Stott,PHI,SS ,398,770,554.7,157.4,465,-106,
572,Jorge Mateo,BAL,"2B,SS,CF",398,622,542.5,90.4,525,-47,
573,Daulton Jefferies,OAK,"P,RP,SP",401,619,532,94.3,732,159,
574,Chris Stratton,PIT,RP,422,468,442,19.3,572,-2,
575,Cody Morris,CLE,SP,403,694,548.5,145.5,627,52,
576,DJ Stewart,BAL,"LF,RF",405,1201,662.3,316.7,850,274,
577,Mike Mayers,LAA,RP,424,492,453,24.7,690,113,
578,Tim Mayza,TOR,RP,410,516,471.7,45,799,221,
579,Triston Casas,BOS,"1B,3B ",411,1251,727.7,372.8,458,-121,
580,Kyle Higashioka,NYY,C,416,548,477.5,47,480,-100,
581,Brad Keller,KC,SP,419,827,553.8,149.5,599,18,
582,Cristian Pache,OAK,CF,420,1063,627.5,254.6,640,58,
583,Caleb Smith,ARI,"SP,RP",421,922,661.7,205,675,92,
584,Reynaldo Lopez,CWS,"SP,RP",424,604,522.7,74.5,574,-10,
585,Andrelton Simmons,CHC,SS,425,1086,681.3,289.5,737,152,
586,Aaron Loup,LAA,RP,425,660,534.3,96.6,534,-52,
587,Alex Vesia,LAD,RP,426,698,518.5,106.2,756,169,
588,Leody Taveras,TEX,CF,427,1238,641.6,300.3,571,-17,
589,Pedro Severino,MIL,C,428,577,511.8,60.8,419,-170,
590,Jake Cousins,MIL,RP,428,517,472.5,44.5,767,177,
591,Drew Smyly,CHC,"SP,RP",430,742,560.3,117.9,498,-93,
592,Yonny Chirinos,TB,SP ,430,641,529.3,86.6,826,234,
593,Kevin Pillar,,"LF,CF,RF ",430,610,549.3,84.4,752,159,
594,Dallas Keuchel,CWS,SP,431,1194,710,343.6,478,-116,
595,Colin Poche,TB,RP,431,583,494.7,64.5,887,292,
596,Richard Bleier,MIA,RP,432,635,533.5,101.5,,596,
597,Tommy La Stella,SF,"2B,3B",387,502,464,21.6,481,-116,
598,Jose Marmolejos,,"1B,LF ",437,1590,"1,013.50",576.5,,598,
599,Kyle Freeland,COL,SP,437,1313,765,390,490,-109,
600,Grayson Rodriguez,BAL,SP ,445,450,447.5,2.5,359,-241,
601,Caleb Thielbar,MIN,RP,439,549,504.3,47.2,,601,
602,Adam Ottavino,NYM,RP,440,616,512,65.2,625,23,
603,Jake Diekman,BOS,RP,441,498,463.8,21,612,9,
604,Victor Reyes,DET,"CF,RF",443,962,589,194,521,-83,
605,J.P. Feyereisen,TB,RP,442,678,530.5,89.3,583,-22,
606,JT Chargois,TB,RP,442,589,509.3,60.6,846,240,
607,Luke Jackson,ATL,RP,443,675,549.3,95.7,719,112,
608,Michael Lorenzen,LAA,"CF,RF,RP",443,566,504.5,61.5,578,-30,
609,Nick Anderson,TB,RP,444,724,579.5,108.9,844,235,
610,Ben Rortvedt,NYY,C,446,738,596,119.3,615,5,
611,Kevin Smith,OAK,"3B,SS",446,729,574.3,117,657,46,
612,Stephen Piscotty,OAK,RF,447,683,538.8,82.4,760,148,
613,Jason Heyward,CHC,RF,448,838,599,143,728,115,
614,Christian Arroyo,BOS,2B,448,716,582,134,526,-88,
615,Tom Murphy,SEA,C,451,627,523.3,75.2,483,-132,
616,A.J. Minter,ATL,RP,452,524,479.7,31.7,613,-3,
617,Corey Dickerson,STL,"LF,CF",453,552,502,34.7,679,62,
618,Maikel Franco,WSH,3B ,455,1413,934,479,762,144,
619,Andres Munoz,SEA,RP,456,626,505.8,69.8,597,-22,
620,Johnny Cueto,,SP ,461,733,601.3,109.4,524,-96,
621,Ross Stripling,TOR,"SP,RP",461,522,495.3,25.5,493,-128,
622,Drew Pomeranz,SD,RP,462,607,543,52.2,523,-99,
623,Vladimir Gutierrez,CIN,SP,463,1302,882.5,419.5,503,-120,
624,David Robertson,CHC,RP,463,668,565.5,102.5,797,173,
625,Tyler Duffey,MIN,RP,463,634,523.5,65.7,648,23,
626,Mychal Givens,CHC,RP,466,513,497.3,22.2,593,-33,
627,Antonio Senzatela,COL,SP,467,1311,889,422,595,-32,
628,Shogo Akiyama,CIN,CF,467,1306,886.5,419.5,672,44,
629,J.B. Bukauskas,ARI,RP ,467,1202,790.7,306.4,859,230,
630,Daniel Bard,COL,RP,468,801,585.8,118.5,561,-69,
631,Edwin Rios,LAD,"1B,3B",469,1405,937,468,515,-116,
632,David Peterson,NYM,SP,471,560,512.3,33.8,731,99,
633,J.B. Wendelken,ARI,RP,472,802,645,135.2,791,158,
634,Lars Nootbaar,STL,RF,472,741,571,120.8,586,-48,
635,Eric Sogard,,"2B,3B ",473,1408,940.5,467.5,,635,
636,Trevor Richards,TOR,RP,473,495,484,11,804,168,
637,Jonah Heim,TEX,C,474,866,627.3,146,554,-83,
638,Phil Bickford,LAD,RP,474,514,494,20,,638,
639,Jed Lowrie,,"2B,DH ",475,681,565.7,85.9,720,81,
640,Nick Gordon,MIN,"2B,SS,LF,CF",476,832,588.8,142.7,584,-56,
641,Rafael Montero,HOU,RP,476,713,594.5,118.5,,641,
642,Tyler Wade,LAA,"2B,3B,SS,CF",476,603,539.5,63.5,424,-218,
643,Jackie Bradley Jr.,BOS,"LF,CF,RF",477,1239,646.2,297,485,-158,
644,Sandy Leon,CLE,C ,479,1291,885,406,677,33,
645,Joshua Fuentes,,"1B,3B ",480,1610,"1,045.00",565,685,40,
646,Genesis Cabrera,STL,RP,480,498,489,9,772,126,
647,Santiago Espinal,TOR,3B,481,812,602.8,125.1,496,-151,
648,Glenn Otto,TEX,SP,481,535,504.7,22.5,610,-38,
649,Willi Castro,DET,"2B,SS,LF",482,1346,797.3,389.4,476,-173,
650,James Paxton,BOS,SP ,482,575,528.5,46.5,619,-31,
651,Sheldon Neuse,OAK,2B,483,1409,946,463,,651,
652,Niko Goodrum,HOU,"2B,SS,LF",483,917,619.8,160.3,621,-31,
653,Zach McKinstry,LAD,"2B,3B,LF,RF",484,1382,796.3,414.4,577,-76,
654,Oscar Mercado,CLE,"LF,CF,RF",484,774,588,101.3,646,-8,
655,Roberto Perez,PIT,C,485,610,517.5,53.4,499,-156,
656,Robert Stephenson,COL,RP,487,909,698,211,743,87,
657,Alex Dickerson,ATL,LF,487,905,671,174.3,594,-63,
658,Chris Martin,CHC,RP,487,632,559.5,72.5,,658,
659,Yonathan Daza,COL,"LF,CF,RF",489,1243,713.3,310,802,143,
660,Steven Kwan,CLE,CF,490,1043,766.5,276.5,569,-91,
661,Jon Berti,MIA,"2B,3B",491,1289,744,317.7,636,-25,
662,Cole Tucker,PIT,"2B,SS,RF",493,1270,881.5,388.5,509,-153,
663,Victor Caratini,SD,C,493,831,626.8,125.4,553,-110,
664,Ryan Tepera,LAA,RP,493,665,556.3,77.2,656,-8,
665,Kevin Newman,PIT,"2B,SS",493,605,559.6,49,721,56,
666,Steven Duggar,SF,CF,495,1088,691.8,238.2,600,-66,
667,Matt Beaty,LAD,"1B,LF,RF ",497,1228,720.8,295.2,507,-160,
668,William Contreras,ATL,C,498,1292,758.5,315,472,-196,
669,Trevor Larnach,MIN,"LF,RF",499,862,622.3,169.5,557,-112,
670,Darwinzon Hernandez,BOS,RP,503,785,644,141,,670,
671,Jake Meyers,HOU,CF,504,520,512,8,602,-69,
672,Gabriel Moreno,TOR,C,505,1373,818.7,393.1,539,-133,
673,Tanner Scott,BAL,RP,505,523,514,9,,673,
674,Nomar Mazara,SD,RF ,506,1250,878,372,,674,
675,MJ Melendez,KC,C,507,873,690,183,508,-167,
676,Nolan Jones,CLE,3B,508,1343,745.3,347.1,681,5,
677,Jason Castro,HOU,C,509,1159,716.3,263.7,748,71,
678,Ryne Stanek,HOU,RP,509,706,575,92.6,769,91,
679,Mauricio Dubon,SF,"2B,3B,SS,CF",510,1389,824.3,400.1,565,-114,
680,Matt Manning,DET,SP,511,1035,693.3,241.8,461,-219,
681,David Bote,CHC,"2B,3B ",512,1281,823,330.7,566,-115,
682,Daniel Vogelbach,PIT,1B,513,1081,797,284,774,92,
683,Jose Trevino,TEX,C,514,1226,805.7,304.6,725,42,
684,Manny Pina,ATL,C,515,643,580,52.3,518,-166,
685,Brad Boxberger,MIL,RP,515,600,557.7,34.7,673,-12,
686,Julian Merryweather,TOR,RP,515,584,549.5,34.5,669,-17,
687,Miguel Andujar,NYY,LF,516,1390,782.8,353,537,-150,
688,Cal Raleigh,SEA,C,517,740,622.8,85.8,592,-96,
689,Taylor Trammell,SEA,"LF,CF",518,1439,859,412.2,729,40,
690,Dom Nunez,COL,C,519,810,626,109.9,674,-16,
691,Alcides Escobar,WSH,"2B,SS",520,653,573.3,57.4,651,-40,
692,Aledmys Diaz,HOU,"1B,2B,3B,SS,LF",521,861,685,139.1,488,-204,
693,Mike Brosseau,MIL,"1B,2B,3B",522,1198,785.7,295.3,730,37,
694,J.A. Happ,,SP ,522,1026,774,252,775,81,
695,Connor Brogdon,PHI,RP,523,538,530.5,7.5,,695,
696,Corey Ray,MIL,RF ,524,1543,"1,033.50",509.5,,696,
697,Yermin Mercedes,CWS,DH,525,1479,"1,002.00",477,512,-185,
698,Brennen Davis,CHC,CF ,526,1299,912.5,386.5,375,-323,
699,Sammy Long,SF,"SP,RP",526,644,585,59,,699,
700,Orlando Arcia,ATL,LF,527,1284,905.5,378.5,840,140,
701,Brian O'Grady,,"CF,RF ",529,1598,"1,063.50",534.5,,701,
702,Jordan Luplow,ARI,"1B,LF,CF,RF",531,589,560,23.7,822,120,
703,Justus Sheffield,SEA,"SP,RP",532,787,658.7,104.1,821,118,
704,Chris Archer,,SP ,535,628,581.5,46.5,839,135,
705,Trevor Williams,NYM,"SP,RP",536,599,567.5,31.5,852,147,
706,Martin Maldonado,HOU,C,537,666,616,56.5,432,-274,
707,Jose Siri,HOU,"CF,RF",538,1183,771.3,292,576,-131,
708,Hansel Robles,,RP ,538,691,614.5,76.5,638,-70,
709,Taylor Walls,TB,SS,539,864,684.3,134.9,645,-64,
710,Lewin Diaz,MIA,1B,539,823,681,142,604,-106,
711,Cade Cavalli,WSH,SP ,542,835,688.5,146.5,429,-282,
712,Evan White,SEA,1B,543,1424,983.5,440.5,542,-170,
713,Deivi Garcia,NYY,SP,544,1124,747.3,266.6,796,83,
714,Dylan Coleman,KC,RP,545,707,626,81,754,40,
715,Kyle Funkhouser,DET,RP,547,1185,866,319,,715,
716,Spencer Howard,TEX,SP,548,902,699.7,148.9,579,-137,
717,Tyler Beede,SF,RP,550,1230,890,340,591,-126,
718,Heath Hembree,PIT,RP,551,565,558,7,692,-26,
719,Jeter Downs,BOS,SS ,552,1498,915.7,416,792,73,
720,Bryan Garcia,DET,RP,553,1259,906,353,,720,
721,Jordan Lyles,BAL,SP,555,1315,847.3,334.1,608,-113,
722,Jose Leclerc,TEX,RP,555,592,573.5,18.5,841,119,
723,Tony Santillan,CIN,"SP,RP",559,670,600,49.7,616,-107,
724,Taylor Hearn,TEX,"SP,RP",561,1232,896.5,335.5,628,-96,
725,Ryan Weathers,SD,"SP,RP",563,791,670.7,93.5,704,-21,
726,Alek Thomas,ARI,CF ,565,948,756.5,191.5,570,-156,
727,Andrew Stevenson,WSH,"LF,CF,RF",568,1240,904,336,868,141,
728,Tucker Davidson,ATL,SP,568,600,584,16,505,-223,
729,Dean Kremer,BAL,SP,569,1121,845,276,,729,
730,Matt Liberatore,STL,SP ,570,655,612.5,42.5,654,-76,
731,Daz Cameron,DET,"CF,RF",573,1286,929.5,356.5,746,15,
732,Sean Newcomb,ATL,RP,577,759,668,91,,732,
733,Bailey Falter,PHI,RP,577,638,607.5,30.5,749,16,
734,Keegan Akin,BAL,"SP,RP",578,1211,894.5,316.5,,734,
735,Edward Olivares,KC,"LF,RF",580,1307,943.5,363.5,606,-129,
736,Curt Casali,SF,C,580,931,755.5,175.5,580,-156,
737,Mitch White,LAD,"SP,RP",580,631,605.5,25.5,517,-220,
738,Jake Burger,CWS,3B,581,1425,902,373,589,-149,
739,Luis Campusano,SD,C,584,1181,882.5,298.5,596,-143,
740,Zack Collins,CWS,C,585,1221,903,318,763,23,
741,Alec Mills,CHC,"SP,RP",586,1184,798.3,273.2,662,-79,
742,Matt Vierling,PHI,"1B,CF",586,655,620.5,34.5,635,-107,
743,Greg Allen,PIT,RF,587,1208,897.5,310.5,777,34,
744,Brent Honeywell Jr.,OAK,"P,SP",587,671,631.3,34.5,738,-6,
745,Michael King,NYY,"SP,RP",590,646,618,28,794,49,
746,Colton Welker,COL,3B,591,1223,838.3,275.7,726,-20,
747,Josh VanMeter,ARI,"2B,3B",594,999,796.5,202.5,750,3,
748,Austin Barnes,LAD,C,596,893,744.5,148.5,563,-185,
749,Joe Ross,WSH,SP ,598,687,642.5,44.5,713,-36,
750,Tyler Alexander,DET,"SP,RP",603,883,743,140,687,-63,
751,Nick Pratto,KC,1B,607,829,718,111,556,-195,
752,Brett Gardner,,"LF,CF ",608,1179,893.5,285.5,,752,
753,Sam Huff,TEX,"C,1B ",609,1336,878.7,325.1,527,-226,
754,Erick Fedde,WSH,SP,613,1216,914.5,301.5,626,-128,
755,Eli Morgan,CLE,SP,614,623,618.5,4.5,652,-103,
756,Scott Effross,CHC,RP,622,671,646.5,24.5,,756,
757,Royce Lewis,MIN,SS,624,1471,"1,047.50",423.5,696,-61,
758,Paolo Espino,WSH,"SP,RP",629,1123,876,247,736,-22,
759,Josh Fleming,TB,"SP,RP",629,692,660.5,31.5,764,5,
760,CJ Abrams,SD,SS ,640,1399,"1,019.50",379.5,489,-271,
761,Kyle Wright,ATL,SP,643,666,654.5,11.5,722,-39,
762,Garrett Richards,TEX,"SP,RP",648,923,785.5,137.5,637,-125,
763,Touki Toussaint,ATL,SP ,652,699,675.5,23.5,540,-223,
764,Justin Steele,CHC,"SP,RP",653,913,783,130,686,-78,
765,Jackson Kowar,KC,SP,663,779,721,58,668,-97,
766,Greg Holland,TEX,RP ,669,771,720,51,,766,
767,Kirby Yates,ATL,RP ,674,678,676,2,664,-103,
768,JJ Bleday,MIA,RF ,680,1539,"1,109.50",429.5,727,-41,
769,Geraldo Perdomo,ARI,SS,683,1437,"1,060.00",377,715,-54,
770,Kevin Plawecki,BOS,C,685,762,723.5,38.5,560,-210,
771,Kurt Suzuki,LAA,C,686,1195,940.5,254.5,519,-252,
772,Austin Martin,MIN,"3B,CF ",689,1609,"1,149.00",460,747,-25,
773,Yonny Hernandez,TEX,"2B,3B",690,1395,"1,042.50",352.5,768,-5,
774,Yu Chang,CLE,"1B,3B,SS",693,1275,984,291,564,-210,
775,Jace Peterson,MIL,"1B,2B,3B,LF,RF",695,1276,985.5,290.5,479,-296,
